City,Datetime,Tweet Id,Text,Username
Central Coast,2021-03-03 05:00:08+00:00,1366976663599243264,"@DavidHodgettMP Last circuit breaker state wide lockdown was state wide, because Vicpol could or would not just do Melb. 

COVID free Ballarat, Bendigo, bright, Latrobe Valley, peninsula, alps, Murray valley, shep, Wodonga... how‚Äôs it feel giving them another 9 months of this arbitrary power",davidcgrey
Central Coast,2021-03-02 22:57:38+00:00,1366885436228915201,"@i_am_chaos_1 @ginacarano @Hellennehellen1 @CarmineCaravel1 @KillYourHate1 SEUSS just got canceled for being racist,I‚Äôm telling you these f‚Ä¢‚Ä¢‚Ä¢ing she and Severe feminist are just going war to far,and with a world wide lockdown,it‚Äôs going2get worse",michstar7
Central Coast,2021-03-02 20:06:22+00:00,1366842335946969091,"@twb2468 @birdie_11 @Tank9999 @Milliganreports Didn't some rich bastard fly into Perth from Aspen, exempted from quarantine, then flew to Canberra for some event, all through lockdown?",novahollandia
Central Coast,2021-03-02 11:21:03+00:00,1366710138191581189,@Colgo Sure that wasn‚Äôt COVID Lockdown Surveillance?,SMSFCoach
Central Coast,2021-02-27 09:54:27+00:00,1365601177761509383,"@Adam_Creighton @JohnDoe22458241 @MDosNK So how many of those 460k deaths were avoidable if Lockdown measures were imposed and by advocating the wearing of face masks? How many deaths would there have been in Australia if these measures were not taken?...10k, 20k, 50k???
#context",hecivan70
Central Coast,2021-02-27 05:16:40+00:00,1365531274358611974,Friend in Ireland seeps hips in good quality gin. Great drink for the lockdown! https://t.co/ycYwAGkI8z,lrww46
Central Coast,2021-02-26 06:19:24+00:00,1365184670707580933,"@VicGovDH ‚ÄòState lockdown, close the state borders‚Äô",jwdew
Central Coast,2021-02-23 10:16:12+00:00,1364157101359042563,Perseverance made it all the way to Mars... here‚Äôs to all in Covid lockdown who can‚Äôt go see their next door neighbours xx,lizillustrator
Central Coast,2021-02-23 03:51:52+00:00,1364060379475705861,@21WIRE @naomirwolf Pseudo science? Isn't that more to do with drinking disinfectant and refusing to obey lockdown public health orders? You're throwing your health workers under a bus with this rubbish.,djmarley6
Central Coast,2021-02-21 04:59:50+00:00,1363352709852663808,Compare the pair Ireland v NSW . My heart goes out to family and friends in lockdown. #COVID19 https://t.co/WNACdL0XO1,SMSFCoach
Central Coast,2021-02-12 09:34:37+00:00,1360160369285558278,"Check out the crowd at the Kyrgios match. They all know they're going into lockdown in 3 hours.

6th best state in Australia ü•∞",cue_volta
Central Coast,2021-02-12 08:46:50+00:00,1360148347340771329,@MarkMcGowanMP You had one case and didn't need to lockdown. Maybe take your fair share of HQ.,mediahunter
Central Coast,2021-02-12 00:48:59+00:00,1360028088776622081,@GlennHampson @AshleyLeahy We're fortunate not to live in fear of snap lockdown here. There are always going to be small outbreaks. It's the nature of a pandemic. We need to manage without lockdowns.,mediahunter
Central Coast,2021-02-12 00:46:36+00:00,1360027491511934976,@GlennHampson @AshleyLeahy I understand. Meanwhile we had Victorians telling NSW to lockdown before Xmas otherwise the numbers would be out of control. We didn't and the numbers were controlled quickly. Now were at 25 days of donuts. Point being...it doesn't need to be that way.,mediahunter
Central Coast,2021-02-12 00:40:32+00:00,1360025962134470656,@GlennHampson @AshleyLeahy It's rubbing both ways. Dan and Qld &amp; WA snipe constantly while NSW processes the bulk of quarantine for returning Australians. Nobody wants to see another Melb lockdown.,mediahunter
Central Coast,2021-02-12 00:30:43+00:00,1360023494444998658,@GlennHampson @AshleyLeahy Will you enjoy another lockdown?,mediahunter
Central Coast,2021-02-09 00:56:55+00:00,1358942922406719490,Who is still in lockdown and how long has it been? We have been pretty luck here in Australia,JustSinda
Central Coast,2021-02-03 20:55:54+00:00,1357070328267116545,This aged well. Perth went into lockdown a few hours later and now Melbourne on tenterhooks. https://t.co/sv8NhnLIqH,mediahunter
Central Coast,2021-02-03 11:46:53+00:00,1356932164521058304,What? No lockdown like WA? Track and trace and sensible restrictions like NSW? A certain WA premier won't be happy. https://t.co/g67D9Qrlhf,mediahunter
Central Coast,2021-02-01 21:47:44+00:00,1356358598473863169,"‚ÄúFewer Australians have died in total (909) than the average number of deaths every day now in Britain and the United States.‚Äù One Case, Total Lockdown: Australia‚Äôs Lessons for a Pandemic World https://t.co/fq49wO9agf",carolduncan
Central Coast,2021-01-31 10:59:50+00:00,1355833161247191041,@CDuncan7 @KKeneally @ScottMorrisonMP Lockdown keeps is safe. Dead people don‚Äôt support an economy. x,carolduncan
Central Coast,2021-01-31 08:25:13+00:00,1355794250663821312,"@RocBSyd @GemmaTognini Perth has gone into Lockdown.
A security guard working in hotel quarantine has tested positive.
He also works a 2nd job so potentially he may already unknowingly infected a number of other people.",hecivan70
Central Coast,2021-01-31 07:50:09+00:00,1355785425047048195,@nbd2222 I'm in NSW. We have had clusters but we don't lockdown for just one. Currently 14 days without any community transmission in NSW and about 5 months in Newcastle.,mediahunter
Central Coast,2021-01-31 05:28:26+00:00,1355749761240891392,"@sandylanceley @Tony9261472295 @JoshButler @vicrollison I can see your point, Sydney didn't go into total lockdown when it started having cases in December. They were able to control the spread by implementing localized lockdowns instead. 
Been no reported locally acquired cases for over a couple weeks now.",hecivan70
Central Coast,2021-01-31 05:28:01+00:00,1355749656530063369,"Another Knee Jerk reaction from a dumb Premier
One positive COVID case and WA state lockdown for 6 days
Why would you plan to travel in Oz in 2021 @Nigel_Farage",terryrea56
Central Coast,2021-01-31 05:03:14+00:00,1355743421739065346,"And it's over... #BREAKING: A male hotel quarantine security guard at Sheraton Four Points in Perth has tested positive for COVID-19. There will be a 5-day lockdown in the Perth, Peel and South West regions from 6pm tonight until 6pm Friday. https://t.co/sv8NhnLIqH",mediahunter
Central Coast,2021-01-31 05:00:42+00:00,1355742781944172544,@imobsessedhelp Wait whattttt??? What lockdown????,singularietea
Central Coast,2021-01-28 14:12:45+00:00,1354794546542989313,"@Anne_M16 @gavreilly Correction: Australia has not had a second lockdown, the State of Victoria did and there have been other, shorted even more targeted lockdowns since in certain districts of Sydney and a 3 day lockdown in Brisbane, all of which were successful in quashing breakouts.",Dublinactor
Central Coast,2021-01-26 23:18:01+00:00,1354206992865185793,"@iaclown @TJRyan_77 He‚Äôs spot on your nephew, life here is pretty normal, live theatre, dining, schools, gatherings interstate travel have all pretty much returned. Whenever there is a case of community transmission it‚Äôs ‚Äômasks on, contact trace, localised severe lockdown for 72 hours. Catch &amp; kill.",Dublinactor
Central Coast,2021-01-26 01:22:29+00:00,1353875925339836416,"FB memories and aunty bragging rights. 
A photo I posted of one of our Londoners on 26/1/2018. 
Mr 11 now plays for Chelsea and he trains still at home. He said the club sends him homework to work on during the lockdown. Life goes on #covi 
üòáüôèüèæüôèüôåüèøüëèüèΩSuch a proud aunt #ChelseaFC https://t.co/5lPuCZxMT5",Sandnicoll
Central Coast,2021-01-25 23:43:59+00:00,1353851138915749888,"Father had stroke a week before all COVID hell broke last yr in UK, sending  into a spiral of 2 month hosptial lockdown,  scared &amp; away from family

12 months on, recovery continues at home &amp; he received COVID Vax this week

Pictured the last time he had such a scary ride (fr) üëá https://t.co/LdIQN6qeoO",MarcBryantAu
Central Coast,2021-01-20 08:10:48+00:00,1351804357013086208,I haven't been everywhere but it is on my #travelling #bucketlist üññIt's my #birthday now. I should be #jumpandtravel as #solofemaletraveller at this time of the year. But at least I was in #lockdown in #paradiseüåèüíöüíôü§û https://t.co/XSHhG7s0wn,myevren
Central Coast,2021-01-19 23:17:03+00:00,1351670033823354880,@Constababble In my household we were obsessed with this show midway through last year in lockdown! Love it!!,EmmaOolemma
Central Coast,2021-01-15 09:53:45+00:00,1350018324286087169,"Sydney girls!  I‚Äôm out of covid lockdown on the northern beaches so let‚Äôs shoot! 
Taking bookings now so don‚Äôt miss out! @ Turimetta Head https://t.co/S1Frhns6Ra",CaponRod
Central Coast,2021-01-15 05:22:38+00:00,1349950095031230464,"Sydney people !  I‚Äôm out of covid lockdown on the northern beaches so let‚Äôs shoot! 
Taking bookings now so don‚Äôt miss out! @ Warriewood Beach https://t.co/EqTTA5cIkC",CaponRod
Central Coast,2021-01-11 04:30:21+00:00,1348487388251697153,Back to work today after almost 4 week lockdown. @ Castle Towers https://t.co/s14tVR7bi1,georgewlittle18
Central Coast,2021-01-10 01:16:59+00:00,1348076335827021825,The sun is shining here at the Mona Vale Farmers Market. There‚Äôs a feeling of excitement mixed with relief as residents in the northern zone of the Northern Beaches emerge from a 3 week #coronavirus lockdown. Mother Nature has really put on a show for them today! ‚òÄÔ∏èüçíü•¨ https://t.co/0YNQkiAYc6,connell_cecilia
Central Coast,2021-01-09 08:19:24+00:00,1347820252835401730,"There were no new Cases today in QLD, so there was no legitimate reason to continue the Hard Lockdown, so to plan B, they manufacture an alleged person with the alleged new Varient has just flown into QLD from VIC, how could this happen,.. stop it please....üòí",johnjrodwyer
Central Coast,2021-01-08 08:29:27+00:00,1347460396081299457,@Shann_McPherson My sister in law called me today telling me that the suburb next to hers has gone into lockdown. She‚Äôs near the Gold Coast. What state are you in? I‚Äôm on nsw central coast.,DonnaStyles76
Central Coast,2021-01-08 00:45:58+00:00,1347343757440548865,"North Northern Beaches Lockdown lifted as of midnight Saturday. Now under Greater Sydney restrictions which means I can return to work üëçüèªüòÉ @ Bayview, New South Wales, Australia https://t.co/lJfZsjvZKc",georgewlittle18
Central Coast,2021-01-07 22:21:39+00:00,1347307436462379009,"So NSW was the punching bag for QLD over COVID, borders closed, fingers pointed etc. Now they have an issue and are panicking into a lockdown without sharing clear details and a severe lack of resources provided to the community.",lumbers1978
Central Coast,2021-01-06 21:47:16+00:00,1346936395017830401,Can I slow your scrolling with a    a windy day picture from the Australian coast. For all my friends in #lockdown #StaySafe https://t.co/cEOTgf631U,baker_and
Central Coast,2021-01-04 22:30:09+00:00,1346222412451364865,@matthaig1 I think a lockdown is a bit like a diet. It‚Äôs only effective if it‚Äôs done properly. You need closed borders if it‚Äôs to have any effect and a desire to eliminate community spread.,matthew_dotco
Central Coast,2021-01-04 21:54:50+00:00,1346213526277263360,Liverpool's strikers went into lockdown about 3 weeks ago. #SOULIV,mediahunter
Central Coast,2021-01-04 02:29:53+00:00,1345920356679258113,@TonyTannousTRBA @ArthurKiousis I had similar thoughts Tony and being in lockdown was not much to do so I wrote a piece in a similar vein. You beat me to the punch but I will post later üòä,DavidJack20
Central Coast,2021-01-03 13:46:12+00:00,1345728170255732736,I‚Äôm curious as to why or how the Australian former PM Tony Abbott was given a ‚Äòreturn trip‚Äô exemption to the UK when the covid pandemic is out of control in the UK and Boris Johnson is considered tougher lockdown restrictions? @abc730 @NSWHealth https://t.co/Dej3G2VjvQ,MAW18208322
Central Coast,2021-01-02 22:21:04+00:00,1345495351415943171,"View from the old wharf
Lots of boats going around in circles
Still in pseudo lockdown @ The Waterfront - Cafe &amp; General Store https://t.co/8uz7IGVYNn",frontrunnerlea
Central Coast,2021-01-02 01:34:57+00:00,1345181757398687744,Ultimate clickbait = lockdown https://t.co/HcyGpC2JMr,martinfrogers
Central Coast,2021-01-01 21:50:22+00:00,1345125236853805056,"Thanks @TechyLeaderEDU @slcopper for the nomination

Day 3:
7 days, 7 #photos, 7 #educators!
Today I nominate @NarelleLynch1 
Normally not explained- 
A nephew, in London is busy. Lockdown is hard! Glowing in the dark üöÇüöÇ is a bonus. That said, not keen to sleep at night üò¨üòú https://t.co/DnxLXT1qV5",Sandnicoll
Central Coast,2020-12-31 23:22:38+00:00,1344786069296881664,"Infectious Diseases expert says that Sydney should've gone into Lockdown around the 19th December to stop the spread from the initial Northern Beaches cluster.
Instead we now have clusters all around the Greater Sydney region.
Tougher restrictions now may be too lateü§î https://t.co/lGS1KipvMU",hecivan70
Central Coast,2020-12-31 21:39:46+00:00,1344760180894961664,"Na nova Zelandia sim, aqui na Austr√°lia t√° voltando e estamos com restri√ß√£o de 5 pessoas por casa na cidade de Sydney. Quase lockdown... üòî https://t.co/IoPzu9qLAn",EuCarolineB
Central Coast,2020-12-30 09:59:53+00:00,1344221663374630913,"@GladysB why aren‚Äôt you doing a short, sharp lockdown of Sydney?! Please stop this outbreak from spreading further now, not when it gets out of hand.",tonyarnold
Central Coast,2020-12-30 06:18:58+00:00,1344166068567195648,@MANSNAPS Yes! More! More pics of the hair and beard as it grows In Lockdown ?,YahHugh
Central Coast,2020-12-30 03:53:33+00:00,1344129473029935106,The ppl of NSW are confused by the actions of the #GladysGovernment. The time for decisive action is now. I stand with @JodiMcKayMP #MandateMasks We should not be funnelling unmasked people through our streets and transport systems. @normanswan is calling for a lockdown. #nswpol https://t.co/VOuXZj2dJE,JeffSundstrom
Central Coast,2020-12-29 20:25:45+00:00,1344016779945811970,"More than 50,000 COVID cases in a SINGLE day in the UK. 

All my Eng fam in toughest tier 4 lockdown

What went wrong over there? https://t.co/tfUrpz9n6U",MarcBryantAu
Central Coast,2020-12-29 09:59:25+00:00,1343859158416703488,@takvera @RobBendigo @Elanora_Dreamer @GladysB @JodiMcKayMP @NSWCHO @NSWHealth @nswpolice He did it on purpose - he‚Äôs anti lockdown and he‚Äôs still an a-hole #abbot,matthew_dotco
Central Coast,2020-12-29 06:24:11+00:00,1343804994248728576,Kicking off with classic Errol Garner by the sea concert from California #music #jazz #vinyl #lp #recordcollection #lockdown @ North Narrabeen https://t.co/3QbFfb1k4z,DrJimBright
Central Coast,2020-12-27 21:25:22+00:00,1343307006426271744,"@NeilClark66 Not only are precious lives saved but you prevent the Hospital system being totally inundated with cases.
Melbourne, Australia introduced tough Lockdown measures when cases started exploding. Within 3 months the number of cases had virtually dwindled to zero.
It is now covid-free",hecivan70
Central Coast,2020-12-25 00:33:06+00:00,1342267087297925120,Christmas #northernbeachessydney style #lockdown #sydney lunch is a few guests short of the plan but on the upside more food and drinks for me. üòú @ Warriewood Beach https://t.co/waVTr26rQ5,CaponRod
Central Coast,2020-12-25 00:24:35+00:00,1342264945044455424,"Merry Christmas everyone, though definitely a strange one this year. Thinking of everyone on lockdown and who are away from their loved ones. Stay safe and hope you can enjoy somehow. Xx https://t.co/a1TiknvGAu",Anissa72
Central Coast,2020-12-24 23:40:40+00:00,1342253890927013903,"Merry Christmas üéÑüéÅ bring on 2021 #lockdown #xmas2020 #champers #veuveclicquot @ Collaroy, New South Wales, Australia https://t.co/j8grYkNIrM",taniamoffat007
Central Coast,2020-12-24 02:04:22+00:00,1341927667730268160,"Made a video of what my life as a local looks like right now in the Sydney‚Äôs northern beaches! Lockdown just before christmas&amp;new year. ü•∫ 

ùó™ùêÄùêìùêÇùêá ùêàùêì ùêáùêÑùêëùêÑ:
https://t.co/AEGeeBPY1U

@NSWHealth @TourismAus 
@9NewsSyd @7NewsSydney @sunriseon7 @TheTodayShow @woolworths https://t.co/WXQHCFzk5X",thetravelbelle
Central Coast,2020-12-23 02:58:42+00:00,1341578954243653632,"Breaking myth you can't talk about Suicide, @LivingWorksAus partnered üëâ @semphn @NWMelbPHN to support Victorians over Xmas/NY post #COVID19 lockdown

Free suicide 1st Aid online skills via @CrisisHeroes

@GregHuntMP @MartinFoleyMP 
@LifeinMindAU 

#youcantalk #skillssavelives https://t.co/blYXHIjGKY",MarcBryantAu
Central Coast,2020-12-23 00:43:15+00:00,1341544868447834114,Christmas in lockdown. Accepting alcohol donations.,lukehopewell
Central Coast,2020-12-23 00:12:52+00:00,1341537221313085441,Modest changes for Greater Sydney. North end of the Northern Beaches still on lockdown until 27th. The southern part of the Northern Beaches have to stay in their area but can have 10 people over to your home over Christmas but must be in your local area.,Anissa72
Central Coast,2020-12-22 20:09:21+00:00,1341475935401459713,Lockdown II - Zoom training with my new PT üêà #robcooktraining #iso #northernbeaches @ North Manly https://t.co/JPfwqZ2P0R,Finbarius
Central Coast,2020-12-21 06:26:33+00:00,1340906483584651269,@wendy_harmer @MikeyRobins Let's hope the harmer house has enough lockdown loo paper or kiss that book goodbye,badenchalmers
Central Coast,2020-12-20 05:19:42+00:00,1340527273288454149,"@samanthamarika1 New South Wales (Australia) just went into serious lockdown following an outbreak. Tell @JoeBiden it's summer over here so are we having a ""Dark Summer""?",zorrothewonder1
Central Coast,2020-12-20 03:12:19+00:00,1340495218303356930,"Greetings from Sydney‚Äôs Northern Beaches! Due to our sudden descent into lockdown again, tune into a special one-off return performance of:
#covidconcerts
#balconyconcerts
Tune into my Facebook page at 6pm AEDT to catch this special Christmas edition.",ajmoran30
Central Coast,2020-12-20 00:44:01+00:00,1340457896602025986,"@aeolos747 @indiescribe And the ""lockdown"" is restricted to an area of around quarter million people in a city of 5 million.",mediahunter
Central Coast,2020-12-19 06:06:35+00:00,1340176682590695429,Northern Beaches COVID lockdown day 0: a neighbour is on his balcony massacring standards on an out of tune guitar. I may not survive.,lukehopewell
Central Coast,2020-12-19 01:34:00+00:00,1340108085474390016,@RobertJNowicki @loutosetto And most of us don't feel the lockdown are sufficient... Very different mindsets!,sawsharkman
Central Coast,2020-12-18 00:17:43+00:00,1339726502967951361,Arrived just in time for lock down! Can also rely on Philip for a filip ..as Larkin would have never written ... #philiplarkin #poetry #lockdown #covid_19 #northernbeaches #northernbeacheslockdown @ North Narrabeen https://t.co/Z3Pgod2qd8,DrJimBright
Central Coast,2020-12-16 08:33:47+00:00,1339126562981990402,"This year‚Äôs been crazy. During lockdown I was given a terrible diagnosis. I haven‚Äôt taken it well &amp; pretty much withdrew into myself. Today 4 the 1st time in ages, I had the speaker on, singing &amp; dancing to @Harry_Styles gave me so much joy that I haven‚Äôt felt for ages. Thanks H! https://t.co/6THsNLnEZc",DonnaStyles76
Central Coast,2020-12-16 04:23:34+00:00,1339063597457047553,Yes what has #LNP Victoria got to say about this all the bullshit they went on about Dan Andrew‚Äôs lockdown Sweden is a good example https://t.co/nYVPXw8ase,meekjulie
Central Coast,2020-12-09 01:58:36+00:00,1336490399037227014,We don't need this negativity in 2020! #cyclops #xmen #lockdown #coronavirus #marvel https://t.co/9IUwshku6A,sindelism
Central Coast,2020-12-06 21:28:59+00:00,1335697773497204736,"More easing of Restrictions in Victoria as the number of days with no new cases hits 37 consecutive days!
What's happened to the #DictatorDan label?
Can the morons out there actually comprehend that the Lockdown &amp; Restrictions were all about saving livesüò≥ https://t.co/DwGljQfscZ",hecivan70
Central Coast,2020-11-22 08:08:27+00:00,1330422879100555265,Is the photographer in lockdown too and housesharing with #scottythewanker https://t.co/JG1eva2vdS,rationalbitch
Central Coast,2020-11-20 13:04:37+00:00,1329772636558168064,"Posting headsets...
.
.
.
#vr #vrtraining #ohs #ohstraining #hse #hsetraining #covidsafe #lockdown #compliance #selfservice #riskresponse #nokillswitch #livingrocks @ West Pennant Hills https://t.co/M0pd1Wr8Si",Rog42
Central Coast,2020-11-19 20:55:08+00:00,1329528657732268032,"I‚Äôm part of a family group chat that spans Australia, Greece &amp; the US (spec Arizona). Our conversation today is about COVID lockdown - happening now in Adelaide (after 21 cases), in Greece (over 2000 per day) but not in Arizona (over 3000 cases per day, over 150,000 in the US). https://t.co/3uAndKbSgx",eleaud
Central Coast,2020-11-18 20:44:15+00:00,1329163530835173376,@1KarenWyld Hope the lockdown goes by like a flash!,eleaud
Central Coast,2020-11-15 07:57:01+00:00,1327883289760206848,"Artists in lockdown, thrown to the wolves. https://t.co/zAMJDTnpGz",djmarley6
Central Coast,2020-11-14 22:07:39+00:00,1327734968160636929,"@SeanBradbery @6NewsAU @TimSmithMP @VicGovAu Hit the nail on the head there Sean.
If he had any ounce of integrity he would just shut his mouth now because HE accused Andrews of being a Dictator and was totally against the Lockdown. 
Does it dawn on him that he now looks like a hypocrite of the highest orderüò≥",hecivan70
Central Coast,2020-11-14 03:15:53+00:00,1327450150491459585,Due to New COVID lockdown restrictions in the Uk the Surprise Guest Zoom chat with a  certain Doctor with the Doctor who Newcastle group club has been postponed to early next year which also means the new series he is on has to be finished filming #WhoviansAU,stoatyhedgehog
Central Coast,2020-11-08 09:00:59+00:00,1325362671542136837,https://t.co/wbeZOqVQhk way back in lockdown days I recorded a podcast about illustrating picture books and maps with #newcastlelibraries #kidlitart @TransLitAgency @WalkerBooksAus,lizillustrator
Central Coast,2020-11-07 23:04:59+00:00,1325212683604381697,@mpesce I hope so. Serious question: what can they actually do now to get on top of the pandemic? The response to strict lockdown there would be volatile.,mediahunter
Central Coast,2020-11-05 08:29:30+00:00,1324267584888348672,"Certainly seems that some people live in an alternate universe where they believe that both Trump will make the world a better place and Dan Andrews enforced the Lockdown in Melbourne for some power tripü§™
Simple answer = a fuckwitüòÅ https://t.co/VsleZt6rLh",hecivan70
Central Coast,2020-11-03 22:29:34+00:00,1323754219233443840,"The nerve of this ""news"" organization who has constantly attacked the Victorian government over the Lockdown measures now reporting it as if it was a success implemented by the Federal government! Piss off scumbagsüò° https://t.co/UcCPJf8oJq",hecivan70
Central Coast,2020-11-02 23:30:51+00:00,1323407250958901248,"@R1100GSBlueNose As Victoria has proved. The only thing that works is a lockdown,  compulsory masks and proper testing and tracing. These idiots are dangerous.",djmarley6
Central Coast,2020-11-02 02:09:34+00:00,1323084805534216193,"Dan Andrews shouldn't have to justify anything, we only have to look at Europe and the US to realize the strict Lockdown period was justified.

Still waiting to here from the Federal government over their Robodebt policy...please justify this and the angst and suicides it caused! https://t.co/1ZTC39Bc4k",hecivan70
Central Coast,2020-11-01 22:16:28+00:00,1323026147194494976,@KevinAirs This is why the fuckwits (and we need to be blunt here and refer to them as fuckwits...because they are!) need to be shouted down because we would more then likely  be in a similar situation now if it were not for the tough Lockdown measures of the past few monthsüëè,hecivan70
Central Coast,2020-11-01 09:36:01+00:00,1322834771727114241,To all of my friends and loved ones in Great Britain please know I am sending you all of my love and thinking of you all as you go back into lockdown keep safe and stay well. You will come out of this stronger then ever. üíô‚ù§Ô∏èüíú,stoatyhedgehog
Central Coast,2020-10-30 13:06:00+00:00,1322162840979996672,@tezzer57 Thanks so much Tez! I hope you‚Äôre keeping well and lockdown - The Sequel isn‚Äôt too rough on you.,Dublinactor
Central Coast,2020-10-30 10:31:31+00:00,1322123962734686208,@caitlinchang Having a baby is a lot like a pandemic lockdown,nicoheath
Central Coast,2020-10-28 19:56:21+00:00,1321541333824069632,"@maddow Honestly, you guys are just pissing in the wind now. Going to take massive action to address Covid-19 from here. Germany and France just went back into lockdown.",mediahunter
Central Coast,2020-10-26 07:16:04+00:00,1320625227651371009,Why isn‚Äôt the federal government looking at compensating Victorian businesses for the lockdown? We are all in this together right and Victoria is still part of Australia #auspol,bigtruth2
Central Coast,2020-10-25 20:42:48+00:00,1320465858439725056,@newscomauHQ Interesting I want to have a look at what's happening in Europe right now and how the lockdown restrictions are even tougher than what happened in Victoria what do you think the motivation is behind the liberal party's drive to reopen is it corporate profits,unclecraigums
Central Coast,2020-10-14 11:12:14+00:00,1316336006442872833,@fringeSimo @gladysknows @MSMWatchdog2013 Yep. They ‚Äúwant lockdown to end‚Äù but they ‚Äúdon‚Äôt want to do anything to help it end‚Äù,kaeleneak
Central Coast,2020-10-12 03:35:03+00:00,1315496173382197250,America is NOT in recession... Its in part lockdown temporarily... Leave it alone and it heals it self.... Raise taxes and it will destroy natural recovering.. https://t.co/RcAbuMgFum,Hanicy
Central Coast,2020-10-06 09:01:49+00:00,1313404081264713731,Catching up on @HYBPA and nope I've lost 15kgs in lockdown too. Sorry not sorry.,badenchalmers
Central Coast,2020-10-02 00:41:13+00:00,1311828551667126272,@KFaulders @SpiroAgnewGhost Does that mean he need to go into lockdown for 2 weeksüòé,Lisabiartch
Central Coast,2020-09-30 03:10:10+00:00,1311141259625418753,"#BREAKING Kurri Kurri Hospital has been placed into lockdown, after reports a gunman is on the loose. Police have surrounded the hospital after a man discharged a firearm into the air. He remains at large. Officers are searching the premises.",LydiaBilton
Central Coast,2020-09-27 13:16:17+00:00,1310206627031654403,@SpudBenBean Apparently not it might whose money is he getting to be so anti lockdown and curfew. Even with those who openly went against it how many lives did he save by having them.,kas0966
Central Coast,2020-09-27 09:35:19+00:00,1310151020970799107,"@Victory_05 @michaelobrienmp @DanielAndrewsMP Even back in the early days of the First Wave when the initial Lockdown was implemented, the Vic opposition and their mates in the IPA were advocating for softening restrictions and constantly attacking Andrews. 
Their main objective has been to undermine the Premier all along!",hecivan70
Central Coast,2020-09-24 12:19:32+00:00,1309105184895840262,"@jboyded @CharmaineTT @leighsales Some of us do, the fact that Dan Andrew's has enforced a harsh lockdown has not only saved a huge number of Victorians, but in turn by containing the out break to Victoria, has saved untold numbers of your fellow Australians, for which I thank you all  and Dan is the Man",RoyanWg
Central Coast,2020-09-21 07:29:04+00:00,1307944920322199552,@drjessicaford During lockdown my eye twitch was out of control and I started going to bed early and it helped (sorry). I still drink the same amount of coffee and stress levels are the same.,eleaud
Central Coast,2020-09-21 06:33:15+00:00,1307930875766566912,"Those who continue to attack Dan Andrews over Victoria's strict Lockdown measures should read this piece from a US Harvard Professor who laments the fact that the US did not go hard enough early on in the fight against covid19. 
There is no other option in saving livesüôè... https://t.co/AHUrcjJveV",hecivan70
Central Coast,2020-09-20 03:20:46+00:00,1307520047456296960,@adamlotus @pauloliver9999 @NCW717 Family in Melbourne and oh plenty people loosing their businesses plenty struggling oh and the economy is fucked n this shit lockdown ai t doing anything breaking 85 year old died ffs but hey it‚Äôs cured flu no flu deaths this year wake up idiot,trsports81
Central Coast,2020-09-19 21:33:26+00:00,1307432640174157824,"Those who have been constantly attacking the Andrew's Govt over the ""harsh"" lockdown measures in Victoria, maybe just maybe this approach was the right one if we look at what is now happening in some other countriesü§î https://t.co/OquYLlUgVK",hecivan70
Central Coast,2020-09-18 18:59:08+00:00,1307031417700798464,"Yeah this Virus just doesn't float away, its a Contagen ffs, and all the pricks demonstrating against the lockdown laws should be taken to an Intensive care unit, they might see the reality of life, Fuckwitts!! https://t.co/x3gz6x80ys",Strangee55
Central Coast,2020-09-16 04:58:55+00:00,1306095197709721600,So economists praise Australia lockdown record but LNP And much of the media want to quote an opinion piece by Chris Ulhmann Truly do people not care about expert views and facts anymore? #auspoI,bigtruth2
Central Coast,2020-09-14 00:32:07+00:00,1305303276175335424,So Victoria continues to trend down with another under 40 infection day. Queensland keeps it to 0 for another day. Meanwhile in the UK over 3000 a day as Europe spirals out of control and Israel about to lockdown again. Meanwhile we have police security #auspol,bigtruth2
Central Coast,2020-09-12 02:52:46+00:00,1304613896670470145,"@LaTrioli @abcmelbourne @abcnews ‚ÄúIt‚Äôs hard, but trying to make time for the joy and fun in this lockdown and what it means to try and have all your needs met. It‚Äôs honestly, day by day right now...‚Äù thank you Virginia.",chrisso53
Central Coast,2020-09-10 21:03:33+00:00,1304163625670602753,@SBSNews Curious where are the anti mask is an anti lockdown campaigners in their outrage today just reserve that for themselves?,unclecraigums
Central Coast,2020-09-07 20:33:58+00:00,1303069019717550081,"Would you slow your scrolling to reflect on a splendid fairywren...

Especially for anyone in #COVID19 #lockdown

#WildOz https://t.co/Idhqatr94z",baker_and
Central Coast,2020-09-07 02:40:10+00:00,1302798788487254022,Best Father's day Bar B Que because our extended family at home on Sunday. Still missing our absent Dads and Mums. I still feel truly blessed to have these people in my Life. Love to Peter Fitzpatrick in Lockdown.‚Ä¶ https://t.co/9gKoHvnT1n,jonocoleman
Central Coast,2020-09-05 18:29:02+00:00,1302312804020486144,Anti-lockdown Melbourne activist can't talk about ANYTHING coronavirus https://t.co/Gbwq6V6Bif,IwanSchana
Central Coast,2020-09-05 03:13:45+00:00,1302082462298697728,The anti-lockdown protests at the Shrine of Remembrance in Melbourne are so dumb and embarrassing that‚Äôs it‚Äôs almost surreal. https://t.co/mQD3ihV3BT,JakeChatty
Central Coast,2020-09-04 23:14:40+00:00,1302022298367647747,"05/09 No, no he aprendido un idioma durante Lockdown.  Empec√© mucho antes.  El d√≠a que mi hija charislawrence se fue a Espa√±a hace dos a√±os, comenc√© a aprender espa√±ol en Duo Lingo.  Solo una peque√±a pr√°ctica todos‚Ä¶ https://t.co/nk4t37IvJD",Rog42
Central Coast,2020-09-02 09:42:56+00:00,1301093241706561536,And the current lockdown started 2 August which last time I checked is after the June quarter https://t.co/XfW56W9ZMR,bigtruth2
Central Coast,2020-09-02 03:13:03+00:00,1300995125376548864,@TheKouk so this collapse in the Aust economy of 7% is for the June quarter right? So that is before the latest Vic lockdown? So Dan can‚Äôt be blamed for this? Am I right #auspol,bigtruth2
Central Coast,2020-09-01 08:20:26+00:00,1300710089976762369,@MartiHawks Even some that aren‚Äôt in lockdown üò¨ü§≠üòÜ,RachRay_Beauty
Central Coast,2020-09-01 04:06:48+00:00,1300646262954369025,"@junkpuppet69 Glad to hear you are well, my home is great &amp; I got spend a lot of time here during lockdown, lots of love for you too üíúüòòüòò",JustSinda
Central Coast,2020-08-31 11:17:49+00:00,1300392342826803200,"For my Melbourne friends. 
#lockdown #Victoria #humour #staypissed #StayStrong https://t.co/sf8XG4zgph",lawless_author
Central Coast,2020-08-30 02:49:12+00:00,1299901957604143111,'Nobody wants a lockdown': Warm weather clouded by worries about more beach closures https://t.co/5Xg2L5GOvc,smh_andrew
Central Coast,2020-08-29 12:54:50+00:00,1299691984165068800,"@toosmoothboothy They have to wear them out period otherwise they get fined, they went into stage 4 lockdown, it was pretty bad. I'm glad I'm not living down there. The businesses would be suffering badly.",JustSinda
Central Coast,2020-08-29 12:35:28+00:00,1299687111130398720,"@toosmoothboothy Ah okay, you guys still in lockdown?",JustSinda
Central Coast,2020-08-28 04:18:16+00:00,1299199598645321730,Apparently Brett Sutton‚Äôs become a bit of a sex symbol. Victorian‚Äôs must be really bored in lockdown ü§î,CJ_Levinson
Central Coast,2020-08-27 04:22:01+00:00,1298838153575329792,"@prescribal @noplaceforsheep What about sensible restrictions? 

I had many months of covid restriction lockdowns overseas, so Im no stranger to strict lockdown and restrictions, but they open up regions there when rates go down and not blanket ban whole states for a few cases in a few suburbs.",CommsCraig
Central Coast,2020-08-26 09:54:41+00:00,1298559483845779457,"There‚Äôs no such thing as too many pink candles! üíï

Self isolating, in lockdown or really wishing you could be?? 
Let us bring rawLight to you! 
Even better send one directly to your loved you can‚Äôt be with. 

Shop‚Ä¶ https://t.co/AvemfM9qgo",rawlightcandles
Central Coast,2020-08-25 09:28:36+00:00,1298190532292816899,"It‚Äôs so darn cheerful and citrusy, why not bask in all shades citrus.
Tropical light üî• for the lovers of citrus.

Shine brighter while you‚Äôre self isolating, in lockdown or even if you‚Äôre wishing you were able‚Ä¶ https://t.co/KXYTL3Pcku",rawlightcandles
Central Coast,2020-08-24 09:54:32+00:00,1297834670491676672,"People will stare
Make it worth their while, with some hot pink gorgeousness! üíìüíìüíì

Still Self isolating, in lockdown or really wishing you could be?? 
Let us bring rawLight to you! 
Even better send one directly to‚Ä¶ https://t.co/Ma5cTUfF1P",rawlightcandles
Central Coast,2020-08-24 03:11:44+00:00,1297733300623040512,Think I remember our PM wanting lighter lockdown than the inadequate actions the aged care industry did and threatened funding if they didn‚Äôt #auspol https://t.co/1I93X1BG4e,bigtruth2
Central Coast,2020-08-19 09:54:03+00:00,1296022610220732416,"A Pandemic joke.
A man walks into a bar.
Lucky bastard.
#pandemicjoke #pandemiclife #lockdown",lawless_author
Central Coast,2020-08-16 06:07:42+00:00,1294878482040868864,"The response to the ""We LOVE The 90's!"" theme at LOCKDOWN tonight has been amazing. @djkobyjustice and @iamdjtask are absolutely pumped to get the party started across the planet! They'll be smashing out 100% EPIC‚Ä¶ https://t.co/DxAtuPZRnG",abs_infinity
Central Coast,2020-08-15 03:16:11+00:00,1294472932555538432,Behind the doors of small businesses in Cardiff. How they‚Äôve survived the COVID-19 downturn and why they can‚Äôt afford another lockdown. üò∑üò∑üò∑ https://t.co/guWKRw63Zq,lizfarquhar
Central Coast,2020-08-14 01:03:47+00:00,1294077222295351296,Tim is a man of few words but many bass lines. He would like you to know that $15 from your purchase from Communitee will go to help @asrc1 support refugees during #lockdown. Several Zoom-themed designs available.‚Ä¶ https://t.co/IltL1C842y,bigyahu
Central Coast,2020-08-12 05:27:18+00:00,1293418763723739141,ayo my old high school is in lockdown cause someone got stabbed,pajgey
Central Coast,2020-08-10 05:09:06+00:00,1292689406554300416,I hope we don't go into lockdown again. I've only just learned my workmates names again.,monbanayad
Central Coast,2020-08-09 13:01:41+00:00,1292445950535819264,Life in lockdown. https://t.co/df80ngPLpU,carolduncan
Central Coast,2020-08-09 11:28:10+00:00,1292422415285460992,"Freshly made taper candles, wrapped and gift ready! üß°

Self isolating, in lockdown or wishing you were able too??
Let us bring rawLight to you! 
Even better send one directly to your loved one you can‚Äôt be with. 
Shop‚Ä¶ https://t.co/xmgn3D2WEm",rawlightcandles
Central Coast,2020-08-09 10:38:10+00:00,1292409831119138816,"And what an incredible try before you buy experiment! Six weeks is ample time for new customers to get truly hooked on the convenience and quality of your content, the potential for new customer retention after lockdown is absolutely staggering. 
‚ÄòHero‚Äô 
Has a nice ring to it eh?",Dublinactor
Central Coast,2020-08-09 10:38:07+00:00,1292409820104937472,"If any of the steaming services like @StanAustralia @NetflixANZ @AppleTV @Foxtel @AmazonAustralia or @disneyplus were really clever, they‚Äôd make their service free for Victorian residents during their 2nd lockdown. The positive PR + potential customer retention would be legendary",Dublinactor
Central Coast,2020-08-08 04:58:04+00:00,1291961853476663296,My mum has gone in to lockdown again in #Ireland as 3 counties including #Kildare locked down due to a rise in cases. üíöuMum #BloodyCoronaVirus  Thank you to the care workers looking after her üëèüèº https://t.co/NeRe5qdNEe,SMSFCoach
Central Coast,2020-08-07 23:35:56+00:00,1291880787898331136,"@HildaMcevoy Yes but can I ask you to be really specific in answering my question for a sec, are they in lockdown for the second time or third in total?",Dublinactor
Central Coast,2020-08-07 23:32:20+00:00,1291879880112529408,"@HildaMcevoy I‚Äôm confused, do you mean this is their second time in lockdown in total or second time to be in lockdown since things began reopening?",Dublinactor
Central Coast,2020-08-07 22:10:53+00:00,1291859385346478080,"As #COVID19 spreads, consuming #globalhealth resources, neglected public health issues will resurge. 3-month lockdown + a gradual return to normal over 10 months could globally -&gt; additional 6.3 million #TB cases + 1.4 million deaths. #Malaria deaths could double to 770,000/yr üòî https://t.co/RAbRdtqb6r",s_wheeler_
Central Coast,2020-08-07 03:47:17+00:00,1291581652515381248,"First of all you cannot, and I must stress *CANNOT* compare a lockdown to a Maximum Security Prisoner. I just....words... https://t.co/DDselPOOWG",xCarlyMelissa_x
Central Coast,2020-08-06 22:15:28+00:00,1291498150545330176,"Wow.. we can‚Äôt believe the strength of community support for acting now to introduce modest limitations to avoid a full second wave and lockdown. Thousands of shares, likes and comments on my Facebook post.

Hopefully the message is getting to @GladysB üôèüèª

@lizfarquhar @Kaubo",drnickmoncrieff
Central Coast,2020-08-06 09:43:40+00:00,1291308951414247424,"Ugh...

Lisa and me in lockdown having been in one of the #Newcastle pubs where a #Covid case was last Friday night

Day 1 - teenagers already not coping, Miss 15 has a cold (me too) hoping that‚Äôs all it is 

But hey, we‚Äôll cope...the dog? Not so sure, she loves her walks https://t.co/fb4kyE1aFL",gregorymckenna
Central Coast,2020-08-05 11:39:50+00:00,1290975798279540736,@GeoffM75 @Kidcowboy2 Closing borders kills your economy may as well lockdown #shamblesthiswholesaga,trsports81
Central Coast,2020-08-05 00:23:18+00:00,1290805542806417408,@slamup Yes. Prime personal focus right now. Lockdown looming in NSW.,bevhenwood
Central Coast,2020-08-03 06:02:01+00:00,1290166010637557762,"‰π∞ÂÖ•üá∫üá∏ÁæéËµÑüá≠üá∞‰∏≠ËµÑÁöÑÂ•ΩÊó∂Êú∫before the next lockdown if possible @ Point Clare, New South Wales https://t.co/JLTPF4TclM",Musibolun
Central Coast,2020-08-03 05:07:12+00:00,1290152212685975553,A huge thank you to everyone who tuned into @djkobyjustice and @iamdjtask‚Äôs LOCKDOWN Sunday Night FEVER live stream on @twitch last night. After a few technical difficulties at the start they eventually got their‚Ä¶ https://t.co/eSa2fcDRLY,abs_infinity
Central Coast,2020-08-02 21:30:11+00:00,1290037201967779840,Starting Monday with a 7.30am mani/pedi üë£... Reckon people think we‚Äôre going back into lockdown? ü§îüòÜ Bring on the crazy ü§™ #rachraybeauty #salonlife #busybusy #appointmentsavailablethisweek https://t.co/mgf9JhVGNX,RachRay_Beauty
Central Coast,2020-08-02 06:11:21+00:00,1289805968700608518,"For all my friends and colleagues in Melbourne, thank you for your work on the frontline. Every life saved is a win. And for everyone facing the lockdown, thank you for doing it. You are also saving lives. I know this will be a very tough period for everyone. It will be worth it. https://t.co/cbTs3CGsMK",MJA_Editor
Central Coast,2020-08-01 12:16:18+00:00,1289535426017914880,@DrDeniseChapman Good to hear you‚Äôve been able to keep yourself busy - lockdown can be so hard. I‚Äôm here in Newcastle watching the numbers and waiting to see if we also have to lock down for a second time. üò¨üò¨,eleaud
Central Coast,2020-08-01 11:31:16+00:00,1289524092140310528,@DrDeniseChapman It was a really beautiful moment: hope you‚Äôre all doing ok in lockdown x,eleaud
Central Coast,2020-08-01 04:52:56+00:00,1289423849126207488,@thomasjkehoe1 Ha! Will keep that in mind when NSW goes back into lockdown.,eleaud
Central Coast,2020-07-31 15:05:07+00:00,1289215521133490177,"Just received some sad and shocking news from half a world away.

We talk about how hard it all is with COVID and lockdown and Zoom, but honestly 2020 keeps reminding me that, given half a chance, people will do their damnedest to look after each other.",JonPowles
Central Coast,2020-07-31 06:09:37+00:00,1289080759458779136,@dlmetcalf @CoastComNews @crushthecurve_ @patientsafe3 I rang them too &amp; they told me I do not need to come back as Shandong was aok! I left at 1pm and by 3pm the entire city ( Dezhou) was in lockdown! until April... In those months police pulled up and went in to homes taking temps and well.... gaol!,Sandnicoll
Central Coast,2020-07-29 10:03:16+00:00,1288414784405331969,"Sumptuous textures with dramatic navy blue mixed and dreamy colours of washed gold and pearl matt. üî•
. 
Still Self isolating, in lockdown or wishing you were able too??
Let us bring rawLight to you!  

We are‚Ä¶ https://t.co/lBZnijaum1",rawlightcandles
Central Coast,2020-07-27 10:45:36+00:00,1287700661690339329,"üíï Sometimes you just have to have hot pink gorgeousness! 

Still Self isolating, in lockdown or really wishing you could be?? 
Let us bring rawLight to you! 
Even better send one directly to your loved you can‚Äôt be‚Ä¶ https://t.co/u1COECvj23",rawlightcandles
Central Coast,2020-07-26 23:01:14+00:00,1287523400794005504,"@Vegemite__Kid Yes, they have laws, people ignore them &amp; then nothing is done to enforce them! Dangerous. I'm glad our Covid lockdown flaunters are being fined.",GlendaIkundi
Central Coast,2020-07-26 05:37:45+00:00,1287260798436478977,"TONIGHT it‚Äôs a special NOTHING BUT THE 00‚Äôs edition of LOCKDOWN. Tune in to @twitch or @mixcloud from 7:00pm Sydney time for the LIVE STREAM with @djkobyjustice and @iamdjtask üéß‚Å£
‚Å£
Here are the links;‚Å£
‚Å£
üôèüèª‚Ä¶ https://t.co/6a2DXeqpWw",abs_infinity
Central Coast,2020-07-24 11:56:37+00:00,1286631369758650370,"Tinkering in the candle factory making beautiful lanterns just for you. üî•
We are dispatching daily and all goodies are next day delivery to all major cities. .
üß°
Self isolating, in lockdown or wishing you were stuck‚Ä¶ https://t.co/neAFGBI7cI",rawlightcandles
Central Coast,2020-07-24 01:47:37+00:00,1286478109437386752,@ResourcefulHDR @thomascflanagan Thank you so much for your encouragement. I definitely agree that female experts too often say no. In this particular case I am not sure what coming days and weeks hold for implementation of ‚Äòlockdown‚Äô measures and hope Tom is able to find someone who can enlighten on this.,s_wheeler_
Central Coast,2020-07-23 22:21:32+00:00,1286426246419603456,We do not need to wait for #stayathome or #lockdown orders from the Premier to stay at home and social distance. This second wave is significantly different from the first in that we are seeing it more out and about in the community. #COVID19Aus,s_wheeler_
Central Coast,2020-07-22 00:19:59+00:00,1285731280718630913,Not sure how in a lockdown you can apply for jobs??? https://t.co/BcuWhbuZTz,bigtruth2
Central Coast,2020-07-20 07:18:39+00:00,1285111864955858946,So wrong. Children alone in lockdown ... https://t.co/ATqTZwHfBN,bevhenwood
Central Coast,2020-07-20 00:13:50+00:00,1285004954701201409,"Melbourne t√° em Lockdown. Ontem um cara foi multado em AU$1625 porque saiu de casa pra comprar um Butter Chicken, que custa uns AU$10. Virou Salty Chicken rapidinho.",hnrqfelix
Central Coast,2020-07-19 05:24:53+00:00,1284720848553668608,"It‚Äôs another WE ‚ù§Ô∏è THE 90's night at LOCKDOWN this Sunday. Get keen AF for an epic LIVE STREAM session with @djkobyjustice and @iamdjtask üëæ‚Å£
‚Å£
Tim and Koby will be pumping the tunes and spinning 100% 90's MUSIC‚Ä¶ https://t.co/FGGm4jVDkl",abs_infinity
Central Coast,2020-07-18 11:23:41+00:00,1284448752078671873,"Swooning over these gorgeous pink milk spray pillars! Freshly made, arriving at your favourite store shortly.....if you can't find them ask for them at your favourite hangs instore.
Self isolating in lockdown or‚Ä¶ https://t.co/evmC2mPUMN",rawlightcandles
Central Coast,2020-07-18 10:52:55+00:00,1284441009426849792,Have to say well done to the @CCMariners tonight for its impeccable organisation of our first game since the COVID-19 lockdown. The crowd who came was excellent too. We might be at the wrong end of the table but are top of the charts when it comes to professionalism üíõüíôüíõ,TheRealGruber
Central Coast,2020-07-16 21:25:07+00:00,1283875332877987840,Thrilled this beautiful print of my city of birth arrived so quickly from @RRankinPhoto Thank you for your fantastic service especially during lockdown. Taken by the very talented @RikRankin just days after chatting with him @ozlanderfan about his enthusiasm for photography. ‚ù§Ô∏èit https://t.co/4XQyhTM8SP,KarenDickman5
Central Coast,2020-07-16 03:48:26+00:00,1283609409436839937,Two significant Australian reef systems bleached during 2020. Tour operators in Western Australia were able to report on the bleaching they witnessed during the COVID-19 lockdown https://t.co/3pvBtmOWuN,TessMoriarty
Central Coast,2020-07-16 02:40:12+00:00,1283592239839576064,"When you‚Äôre all dressed up with nowhere to go...

#covid19 #toysoldier #uniform #dressup #lockdown @ Westfield Warringah Mall https://t.co/jPRhC5hsLo",MissShazJones
Central Coast,2020-07-14 21:48:16+00:00,1283156383890731008,"Studies with self-report pre and post lockdown may report doing more physical activity, but it‚Äôs possible/likely they‚Äôve confused ‚Äòexercise‚Äô with ‚Äòphysical activity‚Äô. 

Thread",HealthTepi
Central Coast,2020-07-14 21:48:15+00:00,1283156379583123456,"Studies with device measurement pre-post lockdown will show a decline in physical activity in a general population (e.g. steps, light and moderate physical activity) 

Thread",HealthTepi
Central Coast,2020-07-14 07:03:33+00:00,1282933735776608257,"NSW into lockdown again in
3....
2....
1....",itsAJBack
Central Coast,2020-07-13 21:18:09+00:00,1282786417429471233,"@BronwynHinz @sallyrugg @katemccccartney That is gorgeous, Bronwyn, especially if lockdown gets you closer to Christmas than you would ever have expected üòÇ https://t.co/CQ5dhZOHdr",AustralasianEdu
Central Coast,2020-07-12 10:54:28+00:00,1282267074232905729,"Saw my first film back at a cinema since the world shut down, a 35mm screening of Tim Burton‚Äôs Batman (1989) for $5. Feels good to support my local independent cinema, but I have a bad feeling that Sydney is on the verge of another lockdown. https://t.co/QTKiTrf95Q",turbo1975
Central Coast,2020-07-12 05:32:08+00:00,1282185957777825792,"TONIGHT at LOCKDOWN we're SO EXCITED to be taking you BACK to the 80's again. @djkobyjustice and @iamdjtask will be pumping the tunes and spinning 100% 80's MUSIC VIDEOS all night üôå‚Å£
‚Å£
Tim and Koby are now streaming‚Ä¶ https://t.co/Jl2fYAYAsz",abs_infinity
Central Coast,2020-07-11 23:54:54+00:00,1282101087164456962,@Rove @adam since the lockdown the  Doctor who Newcastle group as been having Zoom meetings and last night we had a very special guest from Doctor who joining us Simon Fisher Becker AkA Dorium. And next Saturday night On Zoom I organised another Q&amp;A with Dominic Glynn.,stoatyhedgehog
Central Coast,2020-07-11 10:35:50+00:00,1281899998162980864,"Why can‚Äôt U go out if you‚Äôre in COVID-19 lockdown?
If UR wearing a ‚Äúrecommended‚Äù face mask, not touching UR face, but sanitise if U do, there is little to no risk of spreading it. U literally have the same chance of catching HIV @ a 0 detection rate! Education is lost! #EDUCATE",Jarry_Boi77
Central Coast,2020-07-11 01:53:12+00:00,1281768471517294593,@denniallen @DanielAndrewsMP This is my answer to all those bitching about Dan Andrews and the Lockdown this is the alternative https://t.co/myGyLAhThN,RoyanWg
Central Coast,2020-07-08 12:03:48+00:00,1280834970517299201,"@abcnews And how much does lockdown abandonment cost Joshie.
A bit like Climate change you seem to be able to price the cost of  Action yet no mention of the cost of inaction.
Lockdown = control of virus and death toll
Abandonment = economy sputters along but death rates spiral",RoyanWg
Central Coast,2020-07-07 22:49:20+00:00,1280635036014764033,To all fellow Victorian friends and followers #StayStrong during your 2nd state lockdown.  Thinking of you all üôè,dailyju5tin
Central Coast,2020-07-07 22:25:55+00:00,1280629143923646464,"@MikeCarlton01 What a pathetic whine from a man who, like Trump, wanted us to pretend it was just a mild flu and we should have no lockdown. Thanks to Dan and others we have dodged a bullet.",djmarley6
Central Coast,2020-07-07 21:45:54+00:00,1280619073362030593,Fascinating insight from @SandraSiagian about producing the news from her apartment and lockdown in NYC. Thankyou for sharing your experiences üëè https://t.co/61GJ3NIvUP,missadelaide_
Central Coast,2020-07-07 08:01:47+00:00,1280411675665895424,@darrengilmore6 Mate you going back into lockdown? ü§¨ sorry to hear mate,dailyju5tin
Central Coast,2020-07-07 07:07:10+00:00,1280397931166568448,Big love to beautiful Melbourne going into 6 weeks lockdown ‚ù§Ô∏è I have family friends and colleagues there. Stay strong. #COVID19,billie_bonevski
Central Coast,2020-07-07 02:12:29+00:00,1280323771392385025,An easy way to find out which of your friends hate poor people is to ask them about the public housing lockdown in Victoria.,Jrafferty43
Central Coast,2020-07-06 23:17:12+00:00,1280279660815806464,"@MicallefPhilip @bonitamersiades @ALeague @FFA @TheWorldGame I wouldn't say ""roundly criticized"" Phil. The voices of discontent against the Andrew's government were loud and persistent from the Conservative side of politics/media even during the Lockdown period, urging the reopening of the state. 
Damned if he does...damned if he doesn't.",hecivan70
Central Coast,2020-07-06 06:23:04+00:00,1280024445361573889,"Thank for tuning in to last night‚Äôs LOCKDOWN live stream with @djkobyjustice and @iamdjtask üôèüèª‚Å£
‚Å£
Koby and Tim will be back next Sunday with another Virtual Nightclub session on TWITCH and MIXCLOUD from 7:00pm‚Ä¶ https://t.co/IdOxAKQ72n",abs_infinity
Central Coast,2020-07-06 05:24:34+00:00,1280009726013526017,@therunchat A1: #runchat been able to run hopefully not in lockdown.,plu
Central Coast,2020-07-05 01:42:56+00:00,1279591561744048128,"We‚Äôre SUPER KEEN to be rocking out another LOCKDOWN LIVE STREAM tonight, Sunday the 5th of July. @djkobyjustice and @iamdjtask will be taking you back to the 70's once more so GET READY for;‚Å£
‚Å£
ü§© Sunday Night FEVER‚Ä¶ https://t.co/LTu2dpq2cQ",abs_infinity
Central Coast,2020-07-04 13:45:55+00:00,1279411116049760256,"Honestly this tower lockdown reveals the inequity in this country. Likening a lockdown of social housing estates to locking down an aged care home is telling. Social housing recipients are not dependents of the State but Andrews is treating them as such.

https://t.co/v5QW0oRzeG",AustralasianEdu
Central Coast,2020-07-04 13:02:42+00:00,1279400240123019264,@HappyNacho73 14 days of police lockdown is knowing X amount of people will be arrested. There is going to be tension &amp; then there will be eruptions. Deliberately stewing volatility.,AustralasianEdu
Central Coast,2020-07-04 12:56:47+00:00,1279398751757430784,SARS spread extremely effectively through Hong Kong's high density high rise towers. This lockdown strategy seems very high risk for a demographic with known health issues.,AustralasianEdu
Central Coast,2020-07-03 00:44:32+00:00,1278852088156418049,'Discharged:' Ex-arts minister cleared of $1000 COVID-19 lockdown fine https://t.co/nWSj9nQWZ9 via @smh,LucyCormack
Central Coast,2020-07-02 04:41:18+00:00,1278549284334387200,@spdeleo It would be hard with little kids. Are you allowed to go to the grocery and things like that or is it full lockdown?,kaeleneak
Central Coast,2020-06-30 21:55:45+00:00,1278084838495358976,These 10 postcodes are back in Stage 3 coronavirus lockdown. Here's what that means via @TC_Africa https://t.co/aRJ7yXC32I,RhondaWilsonMHN
Central Coast,2020-06-30 02:16:52+00:00,1277788160630517760,"@nyunggai I catch up on all my brain boosting in large blocks whilst watching the footy , I can see a marked improvement in my intelligence since the NRL came back from the Covid lockdown",cup_high
Central Coast,2020-06-28 05:25:14+00:00,1277110791003660294,"At LOCKDOWN tonight we're stoked to be bringing you another SPECIAL EDITION. Get ready for;‚Å£
‚Å£
* REQUEST FEST 2020 *‚Å£
‚Å£
We're now streaming LIVE from 7:00pm across multiple platforms so you'll be able to tune in on‚Ä¶ https://t.co/nlU7AuY7ul",abs_infinity
Central Coast,2020-06-21 19:59:16+00:00,1274794030702841856,"@Kloppholic Etihad game is a guaranteed loss, always is in the league these days. Especially because they‚Äôve woken up since lockdown and we haven‚Äôt. Sad that the boys don‚Äôt seem passionate enough to get the job done.",AlcantaRole
Central Coast,2020-06-21 08:17:13+00:00,1274617355729952768,@Kateyjay @gilby_gillard Any idea if Aidan Sezer is looking for something to do during Super League lockdown?,efficentnotlazy
Central Coast,2020-06-21 03:48:38+00:00,1274549764227362821,"Today's office... Rep training back indoors after nearly 3 months of VC19 lockdown. #basketball #ilovebasketball #ballislife #bball #hoops #bballtraining #basketballcoach #northernbeachesbasketball #BasketballTrainer #ShootingCoach #thegrind#manlybasketball #mwba #seaeagles https://t.co/jJe7Xzqmze",NBBA_Basketball
Central Coast,2020-06-21 03:22:35+00:00,1274543208505184257,"TONIGHT at LOCKDOWN we'll be asking the age old question;‚Å£
‚Å£
IS IT A BANGER?‚Å£
‚Å£
We're now streaming LIVE from 7:00pm across multiple platforms so you'll be able to tune in on ZOOM, TWITCH or MIXCLOUD ü§©‚Å£
‚Å£
The ZOOM ID‚Ä¶ https://t.co/LOzhDqF9lg",abs_infinity
Central Coast,2020-06-14 09:03:38+00:00,1272092322092552194,"Today's office... Great to get the Rep Boys back on the court after 2.5 months of COVID Lockdown! 

#nbba #basketball #basketball4life #bball #hoops #bballtraining #basketballcoach #northernbeachesbasketball #BasketballTrainer #grind #thegrind #manlybasketball #mwba #seaeagles https://t.co/iui3E7zk0w",NBBA_Basketball
Central Coast,2020-06-14 04:28:10+00:00,1272022997830942723,@djkobyjustice and @iamdjtask are hammering out another Sunday LIVE STREAM tonight and are pumped to be presenting a NOTHING BUT THE 00‚ÄôS edition of LOCKDOWN from 7:00pm. We're now streaming LIVE across multiple‚Ä¶ https://t.co/dwws5K3h9f,abs_infinity
Central Coast,2020-06-07 09:47:27+00:00,1269566633854394369,@SkyNewsAust @SharriMarkson Trust you will you be advocating for a new lockdown and a public whipping of those with different opinions?,digitdave
Central Coast,2020-06-07 05:34:29+00:00,1269502970326106113,@djkobyjustice and @iamdjtask have lifted their LIVE STREAMING game and are stoked to be presenting an ALL URBAN edition of LOCKDOWN on Sunday the 7th of June 2020 from 7:00pm. We're now streaming LIVE across‚Ä¶ https://t.co/uTMWIrTjVa,abs_infinity
Central Coast,2020-06-05 10:28:02+00:00,1268852071001993222,During lockdown a spent a lot of time working on my rubber-band ball (priorities üòÇ) it sits in pride of place near my photo cube. Vestiges of Quarantine Times; yet another reminder of how far we‚Äôve come since early‚Ä¶ https://t.co/wAaul7UoXZ,jaymayokay
Central Coast,2020-06-05 08:02:18+00:00,1268815396657754112,"@PaulineHansonOz @OneNationAus @cmoorecc @DailyMailAU Yet you were silent on this 5G, anti vax, anti lockdown conspiracy theory nutters protest recently. How odd... https://t.co/nZWQW2zrfn",WittySam
Central Coast,2020-06-05 07:55:03+00:00,1268813572454244356,"@HumanHeadline I seem to remember a bunch of nutters protesting 5G, anti vaccinations &amp; to stop the lockdown being allowed to happen recently without pollies &amp; ppl like yourself whinging about it.",WittySam
Central Coast,2020-06-02 23:39:36+00:00,1267964109884022784,@R1100GSBlueNose @SaveourSwifts Lockdown has been a bonanza for wildlife world wide. A lesson for us all.,djmarley6
Central Coast,2020-06-01 11:19:34+00:00,1267415487320780803,Piers Morgan blasts Dominic Cummings in furious rant on GMB return 'Destroyed lockdown!'  https://t.co/QoCpqk5uZB,IwanSchana
Central Coast,2020-06-01 04:13:45+00:00,1267308326053801985,#ICYMI last month we did a lockdown rendition of our song Placebo. Check it out here: https://t.co/iGUs7iFofc #Placebo,collidescopeaus
Central Coast,2020-05-31 09:58:47+00:00,1267032769399382016,"Righto boys, back to lockdown https://t.co/Rj0wMo4jI9",SliccMick
Central Coast,2020-05-31 05:41:11+00:00,1266967942278926336,"TONIGHT @djkobyjustice and @iamdjtask will be taking you BACK TO THE 90's with another LOCKDOWN special edition LIVE on ZOOM from 7:00pm ü§©‚Å£
‚Å£
ZOOM ID: 821-656-1581‚Å£
‚Å£
They‚Äôll be rocking the tunes and spinning 100%‚Ä¶ https://t.co/AoQfhlvS7G",abs_infinity
Central Coast,2020-05-30 10:37:27+00:00,1266680114932092928,"@BenFolds Hey Ben, loving the apartment shows thanks!

Been thinking of how to combine a requested song with your current lockdown beer of choice... üç∫üö≤ 

‚ÄòHere‚Äôs a secret
No one will ever know the 
reasons for the ‚Äòbeers‚Äô
They‚Äôre (Bent) Spoke‚Äô",mrdaverobbo
Central Coast,2020-05-28 09:50:42+00:00,1265943574211747841,@CircleToonsHD My meat after lockdown,TTVcheesy_peezy
Central Coast,2020-05-26 21:54:01+00:00,1265400825213403136,"@ReclaimAnglesea @RioTinto How could this happen? Easy, apparently. Big industry seems to like a lockdown.",rosalindjh
Central Coast,2020-05-26 08:42:27+00:00,1265201619928580097,I had my first Pool Swim session since the lockdown @ Toronto Indoor Pool https://t.co/JOlQC5fbVE,TayCorry
Central Coast,2020-05-26 06:16:39+00:00,1265164930812018688,"@FOXNRL #askkenty if Xerri had played all the games in an unsuspended season, would the sharks had been in a position to lose competition points? Sharks the real winners of lockdown?",Matt__Mollison
Central Coast,2020-05-25 02:04:53+00:00,1264739182766731266,"The homie @connorsimagin took some snaps of me on the weekend.

 First photoshoot with the new mask. Needed new promo pics ages ago when I got the mask. Then all this lockdown shit happened didn't really have a‚Ä¶ https://t.co/7w2gmNCkuw",Badmathsydney
Central Coast,2020-05-24 21:27:49+00:00,1264669458460626944,"Has anyone else noted the mansplaining by politicians about largely women‚Äôs work (beauty, hair, childcare)? condescending explanations...in relation to lockdown closures &amp; reopening? Women at work have taken a huge financial hit. 1st to close, last back. They deserve respect",RhondaWilsonMHN
Central Coast,2020-05-22 03:06:58+00:00,1263667644655255553,Australia slowly opening back up.  Hopefully we control the spread so we don‚Äôt fall back into lockdown. 2nd wave in winter would be interesting https://t.co/edvJjwoUHB,Canceratops
Central Coast,2020-05-21 21:32:20+00:00,1263583428491923463,@terryrea56 @RealMarkLatham Coles wasn‚Äôt in lockdown the whole company must have it lol nope zero he‚Äôs right n now economy is fucked ü§¶‚Äç‚ôÇÔ∏èü§¶‚Äç‚ôÇÔ∏èü§¶‚Äç‚ôÇÔ∏èü§¶‚Äç‚ôÇÔ∏èü§¶‚Äç‚ôÇÔ∏è,trsports81
Central Coast,2020-05-21 19:50:40+00:00,1263557844198014976,My Dad and I got to sit down at a cafe yesterday and enjoy a cuppa and chat together! ‚òïÔ∏è After all this time in semi-lockdown and only being able to get takeaway it was an unexpected pleasure! ü™ë To just take a moment‚Ä¶ https://t.co/Jk7OjiEXWM,FitFantastic1
Central Coast,2020-05-20 23:46:06+00:00,1263254707088224256,@vviivviieennnne @BaronBlacky @GladysB It‚Äôs the money üí∞ üí∞. This is the obvious way a 2 nd wave will start. Aah universities- the source of so much as yet unrealised üòâ. Put ‚Äòem in lockdown for 14 days no exceptions.,austalgia
Central Coast,2020-05-19 10:27:57+00:00,1262691456705273856,"My first restaurant visit since lockdown at cavallino.ristorante. Never have I ever been so happy to sit at a table and share wine and meal with good friends, especially one this good. In fact there were so many‚Ä¶ https://t.co/XfVHBvFSaG",kerabeareats
Central Coast,2020-05-18 10:53:13+00:00,1262335427979038721,"I‚Äôm calling it now. With all of the States easing #lockdown orders, we will see a second wave that will cause us to lockdown again because the the avg. punter is letting their guard down, not to mention the #COVIDidiots. #COVID19 #COVID19Aus #auspol",RGratton
Central Coast,2020-05-17 06:40:00+00:00,1261909314131935235,"TONIGHT we're bringing you a 70's DISCO PARTY with another LOCKDOWN special edition LIVE on ZOOM from 7:00pm ü§©‚Å£
‚Å£
ZOOM ID: 821-656-1581‚Å£
‚Å£
Koby Densley aka @djkobyjustice and Tim Densley aka @iamdjtask will be‚Ä¶ https://t.co/wyjWtHx71V",abs_infinity
Central Coast,2020-05-16 23:15:03+00:00,1261797340366553088,"@IamSamAtwell Yeah, but I bet you‚Äôre not as good as this guy at baking Anzac Biscuits! (This is what we‚Äôve been doing in lockdown lately) https://t.co/zfKYrqZf65",Dublinactor
Central Coast,2020-05-16 16:54:39+00:00,1261701607697158145,Hundreds gather in Hyde Park in mass protest against lockdown https://t.co/953xsIlqLi,IwanSchana
Central Coast,2020-05-16 12:26:44+00:00,1261634187200585728,Russia is my lockdown dance! üòÑ  #SBSEurovision #BigNightIn,AshDiterlizzi
Central Coast,2020-05-16 11:20:09+00:00,1261617429634940928,So grateful we have #SBSEurovision's #BigNightIn to entertain us in lockdown ‚ù§,AshDiterlizzi
Central Coast,2020-05-16 06:07:46+00:00,1261538816663318528,I have been learning how to bake amongst other things over the lockdown. @BritishBakeOff is one of my inspirations and a relaxing way to spend the weekend.,_Blessing
Central Coast,2020-05-15 02:15:28+00:00,1261117965589594112,"Covidulations to everyone who is getting through various stages of lockdown all over the world. As it‚Äôs Friday, I‚Äôll once again be #liveatfive from my balcony. Tonight: Songs From The Musicals! 5pm AEST. 
#covidconcerts 
#balconyconcerts",ajmoran30
Central Coast,2020-05-14 03:43:52+00:00,1260777826950672384,"@piersmorgan THE LOCKDOWN HAS NOT ENDED! IT HAS BEEN EASED !! If the situation hadn't changed slightly, you eould be ranting on about the economical disaster looming ahead. What has happened to you Piers? Are you making a big error in believing your own hype?",ItsMandyCarr
Central Coast,2020-05-13 07:53:39+00:00,1260478296233574402,"@drkerrynphelps @JaneCaro But will it ever be over as far as aged care homes are concerned? Will it be never ending lockdown, or half an hour a week, to try to salvage something from lifetime relationships?",rosalindjh
Central Coast,2020-05-11 13:02:35+00:00,1259831266486054913,@DonnyDumbcunt @AlintaMcMurdo @ausgov I‚Äôm referring to the long term unemployed not the ones that lost their jobs ü§¶‚Äç‚ôÇÔ∏èü§¶‚Äç‚ôÇÔ∏èdue to stupid government covid lockdown,trsports81
Central Coast,2020-05-11 10:56:10+00:00,1259799454137237506,@Nortonzzz Big wave üåä? norts can I ask was the model wrong?? That predicted high numbers looks that way in my humble opinion I know u know more than me on subject we late 2 lockdown n numbers still low 98 deaths total seems odd but agree 2nd wave will come but how bad will it be,trsports81
Central Coast,2020-05-10 04:19:40+00:00,1259337284974972928,"TONIGHT we're giving you NOTHING BUT THE 00's with another LOCKDOWN special edition LIVE on ZOOM from 7:00pm ü§©‚Å£
‚Å£
ZOOM ID: 821-656-1581‚Å£
‚Å£
Tim Densley aka @iamdjtask will be rocking the tunes and spinning 100% 00's‚Ä¶ https://t.co/ZavtsyTd08",abs_infinity
Central Coast,2020-05-10 01:49:29+00:00,1259299487433936896,My dog is so over quarantine lockdown that she's started bringing her car harness to bed with her to try &amp; guilt trip me into taking her for a drive. It worked. I'm a sucker. https://t.co/o75NeKLtHP,rputland
Central Coast,2020-05-08 12:21:23+00:00,1258733737619017729,Dog reunited with owner's girlfriend after Italy eases its lockdown https://t.co/4NBozvSnD9,IwanSchana
Central Coast,2020-05-08 01:10:10+00:00,1258564818581073921,#OpenUpAmerica FAIL! Eradication (SFARP) through hard lockdown followed by border control seems to be the only sustainable exit strategy. Can‚Äôt have one without the other. Naive to pin hopes on a vaccine. Can‚Äôt simply stop-start an economy #Covid_19,billyleis
Central Coast,2020-05-07 07:55:41+00:00,1258304481244188672,"If you ‚ÄòDo One Thing‚Äô today then make it this...   
‚Äî
...Join us @ 6pm CAT for braammalherbe‚Äôs LIVE stream (link in bio) or post a question in the comments for us to ask for you! üíö  
‚Äî
Our lockdown LIVE streams‚Ä¶ https://t.co/3LhCb7jUxu",expedition365
Central Coast,2020-05-06 06:47:10+00:00,1257924853262422016,"Pool time in May and 2 Jons Radio show live from Lockdown thanks to Rode Podcaster Pro and Skype. it's too easy. Thank God of IT.  xxx. @ Palm Beach, New South Wales, Australia https://t.co/Ivn2CNYYmt",jonocoleman
Central Coast,2020-05-06 00:09:46+00:00,1257824842826625032,"Thought I‚Äôd give you a hand during the lockdown #covid19. My son is asking for Nelson 2 already #centralcoast #bigw @ Erina, New South Wales, Australia https://t.co/lpgRbqAW9O",markjohnw
Central Coast,2020-05-05 11:35:52+00:00,1257635119440904192,What a clever way to stand up against  the government  and big buisness  while keeping  to social distancing and lockdown  laws. #auspoI #ClimateChange #bushfires https://t.co/kghsb7soi5,Tonee65834913
Central Coast,2020-05-04 07:26:04+00:00,1257209866445369344,"Over the past few weeks we‚Äôve been fine tuning our LOCKDOWN Virtual Events and everything is now ready to go üíÉüèºüï∫üèº‚Å£
‚Å£
If your office team are working remotely then we can get everyone together online for an awesome‚Ä¶ https://t.co/Z2mEsjBVmI",abs_infinity
Central Coast,2020-05-04 07:00:21+00:00,1257203393342304257,"@maxblackhole Seems to be an ingrained culture in the US that an individual's ""rights"" are of more importance than what is best for the greater good of society.
Those advocating the growing opposition to the Lockdown laws are also seemingly strong supporters of the 2nd Amendment.",hecivan70
Central Coast,2020-05-04 02:55:31+00:00,1257141781537284101,"""Only"" 164 new deaths in Spain today. Considering Spain has been in Lockdown for weeks, this just highlights how contagious and dangerous this virus is and the recklessness of those advocating an immediate return to ""normal life"" https://t.co/INiiJSLO8q",hecivan70
Central Coast,2020-05-03 07:15:30+00:00,1256844817084018695,This is what social distancing on the northern beaches look like. Packed shopping center &amp; no one wears mask. Lockdown has somehow eased but people still don't get how serious Covid19 is. Human stupidity is the disease üò† #COVID19 #StayHomeSaveLives https://t.co/qtQIkGqS1K,ErickaLorenzo9
Central Coast,2020-05-03 05:04:52+00:00,1256811944721428480,We had such a good time last weekend that we‚Äôre doing it all again THIS SUNDAY. Tim Densley aka @iamdjtask will be taking you BACK TO THE 90's on Sunday the 3rd of May with another LOCKDOWN special edition LIVE on‚Ä¶ https://t.co/jkrHI8qsl4,abs_infinity
Central Coast,2020-05-03 02:09:55+00:00,1256767917468737536,Escaped from lockdown for an hour. Found this track literally walking distance from the house...#silverlining @ Allambie Heights https://t.co/h5IaLvGedf,jeffcrabtree
Central Coast,2020-05-02 02:23:45+00:00,1256409008199438336,Something to Celebrate getting out of lockdown https://t.co/Q6N41DFrn9,RoyanWg
Central Coast,2020-05-02 01:33:47+00:00,1256396434397638656,"Apple Podcast and Spotify etc for Osher Gunsberg chat with Me and Jon Vidler about babies and romance and Lockdown with his beloved family. xxx. Great listen. x. @ Palm Beach, New South Wales, Australia https://t.co/LgC8hPTgjQ",jonocoleman
Central Coast,2020-05-01 20:40:37+00:00,1256322656615272450,"This has been my sanity saver during lockdown! Also extremely lucky and thankful that I can walk to my local beach and hardly see another person whilst enjoying the sun, sand and ocean! My happy place! 
Let‚Äôs make sure we continue to be safe even with rules relaxing. ‚òÄÔ∏èüëèüèº https://t.co/LBbXcIk9hs",TinsleyMel
Central Coast,2020-04-30 11:24:40+00:00,1255820361649713152,"@UnaMcIlvenna I don‚Äôt know if anything makes sense. One of my friends said recently that she thinks we‚Äôll all end up either bigger or smaller, but no one will leave lockdown the same size they started. That seems right to me.",erinannmcc
Central Coast,2020-04-30 06:49:09+00:00,1255751023160934405,"Hi Friends....This is #AEALUXURYTOURS ‚Äòbackyard‚Äô, viewed while ‚Äòexercising‚Äô recently... While we are all caused to pause the waves keep rolling and we are busy planning tour products for when lockdown is lifted...‚Ä¶ https://t.co/aWfJ4a0pp1",AEALuxuryTours
Central Coast,2020-04-29 12:40:07+00:00,1255476958818902021,"@watsoncomedian Mostly curious as to how each country is doing ""lockdown"". Honestly Australia is going by the honesty system quite more than it should. But seems to be going okay besides the enormous amount of people at the beach all the time.",CatOnAHorse
Central Coast,2020-04-29 08:43:42+00:00,1255417465225580544,"""Try your very best to live in the present moment where your heart beats are."" 
Just a little duck and I ü¶Üü¶Üü¶Ü
LoLüòÅüòÅüòÅ
Just a few weeks ago before lockdown when the world was easy and carefree, lol üòÅ had I known what‚Ä¶ https://t.co/1VwuiIrEj4",Naiveview
Central Coast,2020-04-28 10:47:52+00:00,1255086323494301696,"@shortissweet Absolutely. 

Yeah mate, we're all doing pretty well here in Australia. In lockdown but it's working so far. How are you guys?",itsAJBack
Central Coast,2020-04-27 13:57:57+00:00,1254771769455468557,@virgotweet A reminder of what we want before lockdown. Now it is even more urgent to let our people go.,djmarley6
Central Coast,2020-04-26 06:13:04+00:00,1254292391915290624,"Lock down rations watermelon daquari to bring in the evening and a new day of lockdown tomorrow.

How are you traveling in these surreal times?.
#totraveltoo @ Curl Curl, New South Wales, Australia https://t.co/JGXQkztco1",totraveltoo
Central Coast,2020-04-26 05:38:53+00:00,1254283790358384645,"üëæ LOCKDOWN Virtual Nightclub - 80's NIGHT! üëæ‚Å£
‚Å£
We're taking you BACK TO THE 80's on Sunday the 26th of April with a LOCKDOWN special edition LIVE on ZOOM from 6:00pm ü§©‚Å£
‚Å£
ZOOM ID: 821-656-1581‚Å£
‚Å£
Tim Densley aka‚Ä¶ https://t.co/Y2zFENKeGt",abs_infinity
Central Coast,2020-04-25 22:44:02+00:00,1254179389605965824,@HelenRobertson4 @John09386301 @L1I9N6K4 @SBSNews Yeah. I would rather two or so more months of restrictions than it all going arse up and being in lockdown past Christmas.,kaeleneak
Central Coast,2020-04-25 08:13:28+00:00,1253960304406327298,I‚Äôve chewed my nails since I was a kid - #COVID19Aus stopped it without even trying. Anyone else have unusual side effects of #WashYourHands or #lockdown? https://t.co/0cDqYsNcjK,ascornwell1
Central Coast,2020-04-25 05:01:46+00:00,1253912059533647872,"@Momneedsalatte @_SJPeace_ Just looking at what happened in Italy and Spain, both countries were in total Lockdown for weeks because of daily deaths in the high hundreds. They have only just started easing some restrictions the last week. 
Just seems premature of the US at this stage to be easing up.",hecivan70
Central Coast,2020-04-24 20:53:41+00:00,1253789232600100875,"Our first Anzac Day back in Australia. I was looking forward to going to a service in the city or something, but this morning due to the lockdown, we stood in our driveway and joined in the sunrise service online‚Ä¶ https://t.co/YM78WNkNzQ",benetoss
Central Coast,2020-04-24 08:58:02+00:00,1253609129513332736,"üëáüëáüëá well done #Australia - people, governments, frontline folks protecting us all

#lockdown is no fun but this is what we‚Äôve wrought 

#COVID19Aus https://t.co/QvpOxZyE7u",gregorymckenna
Central Coast,2020-04-22 16:04:00+00:00,1252991551644463104,"A non essential ""sport"" has taken another life during lockdown.  #lockdown #isolation #ShutItDown  #AuspolSoCorrupt https://t.co/tADPA25cvp",Tonee65834913
Central Coast,2020-04-21 04:17:45+00:00,1252451433133162496,"Fitz, do you really expect me to believe you put all this weight on during lockdown? #fatcatsatwork @drchrisbrown https://t.co/iRv4ToBR4F",ascornwell1
Central Coast,2020-04-20 23:26:06+00:00,1252378035577221122,@pops_grm That is great to hear. We are in stage 3 lockdown so all gyms are closed except for essential services. I had to cancel my trip for May too.,JustSinda
Central Coast,2020-04-20 18:44:57+00:00,1252307283511394304,Jacinda Ardern announces New Zealand will relax coronavirus lockdown to level three next week https://t.co/c3vipG6td6,IwanSchana
Central Coast,2020-04-20 05:31:34+00:00,1252107621114372096,Get me out of the lockdown shit I just need the gym back man ü•∫ü•∫,RapidKarnage
Central Coast,2020-04-19 11:01:03+00:00,1251828150805229568,@kellymoneymaker @londrigan_sscf @peterreckell Aww happy anniversary you two love birds ‚ô•Ô∏è‚ô•Ô∏è‚ô•Ô∏è hope you‚Äôre having a romantic lockdown celebration ü•∞,NaomiCranfield1
Central Coast,2020-04-19 11:00:38+00:00,1251828047096897537,"@LittleMissAngr1 Are you doing ok during the current world wide lockdown? It scares me to see how many people have either lost their job, or will lose their job, which is looking like it's going to dwarf the great depression. I hope you're coping ok. ‚ù§",rputland
Central Coast,2020-04-19 08:48:35+00:00,1251794814481215488,"Lockdown Musings: 
Casually watching the 1984 erotic gothic fantasy thriller ‚ÄòThe Company of Wolves‚Äô and am coolly impressed that the very upper class family in their English country mansion do their shopping low-key at @sainsburys",themisslogan
Central Coast,2020-04-19 00:07:47+00:00,1251663750894989312,@ItsBouquet A shocker from a writer I used to respect.  Not one mention of the medical staff who would be overwhelmed by lifting the lockdown,djmarley6
Central Coast,2020-04-18 14:01:22+00:00,1251511140670046208,@shingainyoka just listened to your report on COVID-19 lockdown in Zimbabwe on @BBCWorld. Keep up the good work.,_Blessing
Central Coast,2020-04-18 07:44:57+00:00,1251416410049282048,"How am I coping with lockdown? Wearing a mask, self isolating, eating beans. Pretty standard.
&gt;
&gt;
#RedDeadRedemption2 @RockstarGames #arthurmorgan #firstplaythrough https://t.co/ejGmEBZ26I",Dublinactor
Central Coast,2020-04-18 06:42:26+00:00,1251400679857385472,@realDonaldTrump Keep tweeting. It‚Äôs entertaining during lockdown!,babciawilk
Central Coast,2020-04-18 00:17:36+00:00,1251303832891658240,"Weekly maintenance done, it‚Äôs getting a real workout whilst working from home in lockdown #foodthinkers #baristatouch #brevillebaristatouch brevilleaus @BrevilleUSA sageappliancesuk @ The Ponds https://t.co/7EE4aQhWn3",stuartjhamilton
Central Coast,2020-04-17 22:55:44+00:00,1251283230189330434,"Pandemic Paws | North Narrabeen | FUJIFILM X100V 

The dogs of Australia have never had so much exercise as their owners go for walks as an alternative to other forms of exercise during lockdown! 
Just remember to‚Ä¶ https://t.co/Zbh2N9L6tg",skippygimp65
Central Coast,2020-04-17 19:53:42+00:00,1251237420126920706,"Finish this for me: ‚Äòa stretch a day...‚Äô üßò‚Äç‚ôÄÔ∏è.
.
When we sit at a desk, in a car, or at home in the same position for most of the day like we‚Äôre doing during lockdown and isolation, we begin to tighten up in specific‚Ä¶ https://t.co/bvaPbH774d",FitFantastic1
Central Coast,2020-04-16 09:46:46+00:00,1250722292985761793,@14aejay tas extended pa ang lockdown potek na yan huhuhu https://t.co/5l7mzSNBP2,janinemntflcoxx
Central Coast,2020-04-15 04:00:39+00:00,1250272799551180816,A telling manifestation of the lockdown https://t.co/ELrQx1OjKG,allanasher
Central Coast,2020-04-13 12:06:50+00:00,1249670376122023936,Fuck me im gonna come out with carpal tunnel after all this lockdown is done. Im sure of it,Maljy
Central Coast,2020-04-13 09:25:23+00:00,1249629748898103298,"@FlickReynolds This is the situation dreaded by families the day we learned that there was no more visiting, even with temperatures taken. Where is the extra funding going that was announced for aged care? Are staff being tested? Or what does lockdown mean?",rosalindjh
Central Coast,2020-04-13 04:08:57+00:00,1249550114760216579,The lockdown blues https://t.co/wjmPQFN27D via @YouTube a great listen in the lockdown!,HookedOnNature
Central Coast,2020-04-13 02:19:47+00:00,1249522639904751617,"Dictating Terms returns to bring a little light and laughter to your lockdown.
#Lockdownextention #coronavirus #COVID19Aus #QuaratineLife #podcast 
https://t.co/wdlbRa64uc",NickMilligan_
Central Coast,2020-04-11 07:07:14+00:00,1248870205125734401,A little bit of #campingnotcamping #covid #easter #lockdown #ozpig @ Horsfield Bay https://t.co/Ig0f7PTLUj,DaveGroenenboom
Central Coast,2020-04-09 19:21:08+00:00,1248330120462397440,New Zealand's coronavirus lockdown has resulted in only one death https://t.co/MvFtivLCyQ,IwanSchana
Central Coast,2020-04-09 12:56:52+00:00,1248233417394638850,@ScotNational Lockdown the living or bring out your dead.,djmarley6
Central Coast,2020-04-09 08:27:57+00:00,1248165742912004096,New Zealand's coronavirus lockdown has resulted in only one death https://t.co/MvFtivLCyQ,IwanSchana
Central Coast,2020-04-09 07:36:16+00:00,1248152735771328512,"@stephaniedowric @sunriseon7 @Channel7 It's the IPA and Gideon Rozner pushing this crap, their tame media passing it on. We need a six month lockdown at least.",djmarley6
Central Coast,2020-04-09 04:35:10+00:00,1248107161034452992,Rules are always for ‚Äòother people‚Äô. I remember we used to live down the road from you @sportsdes in Rathmichael. I may live in Australia now but lockdown rules and the numbers of people willing to ignore them is just the same. Infuriating. https://t.co/lUDysFrCUx,Dublinactor
Central Coast,2020-04-08 10:05:23+00:00,1247827873383108608,@DailyMirror Where lockdown makes its victims targets.,djmarley6
Central Coast,2020-04-08 02:14:48+00:00,1247709450540126216,#lockdown = studio time. merida.bikes e160ltd. Black bike on black background shot on #NikonZ7 with @ElinchromLTD #stylerx1200 &amp; #skyport . I'm fortunate to have this weapon for a while to evaluate for‚Ä¶ https://t.co/pZxLTkoKsy,inciteimages
Central Coast,2020-04-07 09:02:03+00:00,1247449546986098688,"I tell you something i am enjoying during this lockdown, no wall to wall racing, racing on top of racing, its nice to have 5 or 10 mins between races again",classycustomer
Central Coast,2020-04-04 23:41:19+00:00,1246583659462660096,"@SydneyEditor @Gatty54 @AFL @NRL Promising signs but In reality we are still months away from lifting the Lockdown and restrictions...some experts are saying 6 months.
Everyone has to do their bit and maybe just maybe we may possibly be able to halve that period from 6 to 3 monthsüôè",hecivan70
Central Coast,2020-04-04 20:06:32+00:00,1246529605638316032,"Just have a total Lockdown for the Northern beaches suburbs @GladysB 
If they can't do the right thing and respect the new laws and restrictions in place then let them suffer the consequences. The whole of NSW should not have to suffer because of these selfish arseholesüò° https://t.co/Da6Of5xBWg",hecivan70
Central Coast,2020-04-04 14:22:25+00:00,1246443006808313856,Imagine a viral pandemic but it only infects billionaires but the rest of us are asymptomatic carriers. How quick do you think they'd have us in lockdown &amp; a vaccine ready? ü§î,rputland
Central Coast,2020-04-04 05:06:06+00:00,1246303004728233985,NSW Police launch largest peacetime operation in Sydney Harbour to restock cruise ships amid coronavirus lockdown https://t.co/SoAkalj9CX,IwanSchana
Central Coast,2020-04-03 23:49:31+00:00,1246223333319774213,Ballet lessons via zoom at Studio d‚ÄôCornwell #lockdown https://t.co/Ue2XepcHM8,ascornwell1
Central Coast,2020-04-03 06:16:37+00:00,1245958366070882305,"Day something of isolation. Working on an Isolation Playlist, with titles relating to the current lockdown. Got these so far:
The Angels - Am I Ever Gonna See Your Face Again
Bj√∂rk - It‚Äôs Oh So Quiet
Akon - Locked Up
Eric Carmen - All By Myself
#IsolationPlaylist",efficentnotlazy
Central Coast,2020-04-02 23:12:22+00:00,1245851598758141953,"@DanielAndrewsMP Actually, everyone‚Äôs returning to work &amp; stores are now stocked in #NewcastleNSW. Apparently it‚Äôs virus-free, so everything reopened 3 days ago (after 5 days lockdown) and now, everything‚Äôs almost back to normal ü§®",Missxstatic
Central Coast,2020-04-02 10:30:13+00:00,1245659795442372612,"The upside of the #covid19australia lockdown is:
- Mr 17 hasn‚Äôt said this many words to me in years, though most of its about why I should buy him a 40+ yr old Toyota FJ40; 
- Miss 15 is talking incessantly to me about ‚Äústuff‚Äù in a way reminiscent of our Harry Potter days üëçüëçüëç",gregorymckenna
Central Coast,2020-04-01 06:48:23+00:00,1245241580983734278,@BronwynLabrum @StephenClarkeNZ Gosh happiest birthday I knew I‚Äôd missed something! Yay you! üëèü•≥üçÅüò∑is it odd having a birthday in lockdown? I expect so xx,CathyColeborne
Central Coast,2020-04-01 00:29:36+00:00,1245146256961347585,"APRIL CHANGE | Buy micro-local!

What does this mean? Well, we are pretty much in an international lockdown. All of our businesses are suffering, all of us are working out how to remodel our set up to match the‚Ä¶ https://t.co/oZRoOc29gE",intoyousfs
Central Coast,2020-04-01 00:20:16+00:00,1245143912005525504,"After less 7 days lockdown, #NewcastleNSW is back &amp; running - people are returning to work, businesses are reopening &amp; even construction sites are filling up with workers.

#COVID19AUS, #CoronaVirusAUST, #AustraliaLockdown",Missxstatic
Central Coast,2020-03-31 19:57:05+00:00,1245077679616843776,@SereneYoong Oh dear. This lockdown situation is having a really significant impact on women. This doesn‚Äôt help,billie_bonevski
Central Coast,2020-03-31 13:48:07+00:00,1244984826228174848,@watsoncomedian 30 mins a day you are now going to be proficient at speaking Thai by the end of lockdown,CatOnAHorse
Central Coast,2020-03-31 07:31:56+00:00,1244890154273132544,"LOCKDOWN | Cops, metro cop face 3 counts of murder and other serious charges https://t.co/Z9tUZ8cm94",IwanSchana
Central Coast,2020-03-30 02:52:38+00:00,1244457479427129344,@Stephen76 These are the selfish ignoramuses who are going to stuff it up for everyone where their reckless behaviour and attitude will eventually lead to a total Lockdown of the whole country!üò°,hecivan70
Central Coast,2020-03-29 23:37:12+00:00,1244408296376680449,@sarahwrighto83 Lockdown has started in my Mum‚Äôs aged care facility. Mum broke her neck 2 years ago and is bed bound and totally dependant on others. I know the beautiful women at the hostel will look after her. Already they have facilitated 3 phone calls. THANK YOU.,LesleyCairns
Central Coast,2020-03-29 10:51:16+00:00,1244215542342246401,@chloegjpeg It‚Äôs actually a joke that they haven‚Äôt put us into lockdown. Like only 50% of people are social distancing and we need a minimum 80% if we want to control the spread.,chezacnh
Central Coast,2020-03-29 04:19:23+00:00,1244116921038942208,Closing down all shopping centres Is something that needs to be done now a full lockdown completely only have doctors supermarkets chemist open. Not huge shopping centres that draw large groups. Business owners Like GPT and Westfield only care about profits and not people‚Äôs lives,stoatyhedgehog
Central Coast,2020-03-29 03:43:17+00:00,1244107836310687744,"@Stephen76 @mediahunter Friday morning it was mentioned in the news that NSW and Victoria was considering lockdown for ""hotspots"" ie suburbs and areas that already have a high number if recorded cases. It's Sunday now and still no further development on this.",hecivan70
Central Coast,2020-03-28 21:45:53+00:00,1244017895148941313,What's Morrison problem full lockdown 4 weeks min he's scared  because he doesn't want to pay benefits reality is he is going to have to its like climate change you have to go in hard otherwise as usual he talks no action man https://t.co/anBgOFdbhb,blacklexie
Central Coast,2020-03-28 11:00:49+00:00,1243855556713910274,"üéôSydney‚Äôs Live Goes Liveüéô
      3rd April Friday lockdown kicks off at 7p on George Houndog Galea‚Äôs fb then The Killer on his fb From 8p so clear the coffee table out the way put on your dancing shoes üëû put the volume up  &amp; kick with some great classic hits. https://t.co/UVeCqaiC7t",killerrockin
Central Coast,2020-03-28 08:32:30+00:00,1243818235025227779,Arriving back to Dublin on Wednesday any idea how to get home or to get our car to airport with country on lockdown,KevinQuaid3
Central Coast,2020-03-28 08:26:23+00:00,1243816692662145025,@RNogarotto Morons. Won‚Äôt get it until a lockdown is in place.,firewiredigital
Central Coast,2020-03-28 05:21:27+00:00,1243770155118637057,"Well day 1 of lockdown... made a start on the garage .. can't rush these things.. I have 4 weeks to find things to do.. ü§£ü§£ #lockdown #dayone #cleanup #onedayatatime @ Hornsby, New South Wales https://t.co/ecg5e05Cy4",kezzak73
Central Coast,2020-03-28 05:12:58+00:00,1243768017890279425,"Why train Virtually? 

Because in lockdown you're less active than usual, and physical activity is important for not just fitness and how you look... physical activity is important to keep your mental health in‚Ä¶ https://t.co/wSFlHUmdEk",intoyousfs
Central Coast,2020-03-27 23:33:03+00:00,1243682474758004736,"@billbowtell @ABC_NewsRadio @ScottMorrisonMP @AlboMP @GladysB Italy is a horror show,  we must lockdown now.",djmarley6
Central Coast,2020-03-27 06:30:46+00:00,1243425210067369991,"How your favourite bars, cafes and restaurants are dealing with the hospitality lockdown, and what you can do to support them ‚Äî&gt; me for @SBSFood https://t.co/138eIajUTS #coronavirusaustralia #savehospo",nicoheath
Central Coast,2020-03-27 02:34:28+00:00,1243365743661436928,O excelent√≠ssimo Pandemito confundiu Lockdown com Louco Down e nao quer o louco isolado.,hnrqfelix
Central Coast,2020-03-27 01:43:27+00:00,1243352905077293056,"@bencubby @tmcrumpet @slsandpet Now is the time though to implement lockdown in these designated ""hotspots"" in Sydney and Melbourne. As we've seen in other countries, manageable levels can very quickly escalate to being uncontrollable with many deaths.",hecivan70
Central Coast,2020-03-26 21:47:11+00:00,1243293446003032064,"Just do it NOW FFS.
Lockdown these recognized ""hotspots"" in Sydney and Melbourne immediately. It shouldn't even be a consideration, it should be getting implemented within 24 hours!!!
This is the only option in trying to control the spread of #CONVID19 https://t.co/zPEKqrEdtk",hecivan70
Central Coast,2020-03-26 19:06:32+00:00,1243253016506982400,Wake up! We need to go to stage 4 lockdown now https://t.co/HvhU42nenP,psweeney8
Central Coast,2020-03-26 10:04:25+00:00,1243116589056020480,@vanOnselenP My school has been teaching online this week and out of my six classes only one student not online. These kids are taking the lockdown seriously and I‚Äôm proud of their efforts.,bretto_dudley
Central Coast,2020-03-26 07:52:26+00:00,1243083374530646017,"Training for life after lockdown, we do training differently! We are thinking about your lifestyle, for what you need your body for! And it doesn't have to stop just because we no longer can use the gym...

Book a‚Ä¶ https://t.co/TtWLWd8qYc",intoyousfs
Central Coast,2020-03-26 07:43:13+00:00,1243081055512350720,A little bit of #selfisolation peace this afternoon. We are not yet in lockdown but soon I think. In the meantime...the birds were singing and the creek was bubbling. And the natural rock bridge was unmoved. @ Bluff‚Ä¶ https://t.co/1kWsfVJcVw,jeffcrabtree
Central Coast,2020-03-26 07:19:07+00:00,1243074988921372673,Thanks @KIspirits my Corona Care Package arrived today. I'm ready for lockdown. I'm just not sure what one is my favourite!,mjredpath
Central Coast,2020-03-26 01:42:11+00:00,1242990198562029569,@emergency_CNS Harry is getting his own ninja course? Keeping you both fit during lockdown :),Lazonearth
Central Coast,2020-03-25 11:56:09+00:00,1242782318646816768,@mjrowland68 @BreakfastNews A full lockdown no matter how severe for the economy may be the only option. Never forget dead people don't make the economy,RoyanWg
Central Coast,2020-03-25 09:47:32+00:00,1242749951060242432,So with lockdown eminent I thought i would learn some cooking skills.   I am very proud of todays efforts üëå #coronavirusau #Coronaaustralia #StayHomeAustralia #covid19australia  etc etc https://t.co/ciHz4sbPWk,vk2utc
Central Coast,2020-03-25 02:17:07+00:00,1242636601252925440,A four week lockdown is essential https://t.co/ZnRP6AdTx9,psweeney8
Central Coast,2020-03-25 02:00:56+00:00,1242632528290144256,"Survivor‚Äôs R Us is deemed an essential service during the #COVID19 lockdown so we will remain open until further notice.

We have groceries and other essential items and are committed to helping slow the spread of the virus. https://t.co/M23lYr8WJd",Survivors_R_Us
Central Coast,2020-03-24 10:43:13+00:00,1242401577475792897,"My opinion. Australia should go into lockdown. Why drag this out?
#COVID19",Adam_Murray97
Central Coast,2020-03-24 04:52:49+00:00,1242313397036675072,"@synapse101 We need a comprehensive lockdown now. Australia has the third highest global rate of increase of cases. If it doesn't change, 1.5 million infected in 4 weeks...",sawsharkman
Central Coast,2020-03-24 03:53:39+00:00,1242298505990823937,I don‚Äôt get the lockdown thing. @Bunnings near my place is open. So are the other stores in same complex.,TheBowen1980
Central Coast,2020-03-23 22:06:03+00:00,1242211029444001793,"Panigurado lockdown na din school namen :((( online class is waving, keep safe everyone!!üôè",raven_allana
Central Coast,2020-03-23 02:07:04+00:00,1241909297279197184,I really wish people worldwide would take this quarantine lockdown more seriously ...,bO_One15
Central Coast,2020-03-22 20:13:17+00:00,1241820262875553793,"The sun will always rise | North Narrabeen | FUJIFILM X70
As we head into another week of uncertainty just remember to be kind to others and yourself. We will get through this üí™üá¶üá∫
#lockdown #socialdistancing‚Ä¶ https://t.co/Y5JQdGIkNc",skippygimp65
Central Coast,2020-03-22 12:56:23+00:00,1241710316372680705,"@PhillipCoorey Your headline is  wrong there is no LOCKDOWN  retail is still open .. you can buy flowers , a tv , newspaper or go for a walk but that doesn't make a headline does it ...",richardmissingh
Central Coast,2020-03-22 11:07:23+00:00,1241682882998849538,"I thought finally, but sadly not a lockdown but just closing some pubs and clubs, and leaving other businesses like hairdressers open so the virus can spread. https://t.co/Psuo0DMpTZ",itsKimberlyWTF
Central Coast,2020-03-22 08:38:01+00:00,1241645296506916864,Statistically I would agree with a lockdown too #COVID19Aus https://t.co/LQ5FGh0lYM,KevinHMTang
Central Coast,2020-03-22 06:30:26+00:00,1241613186698104833,"@NewtonMark @SeanBradbery Why though?
Where are they going spend it if we're in full lockdown by the end of next week.
Supermarkets?",ipi_tonyh
Central Coast,2020-03-22 05:49:41+00:00,1241602930597339136,&amp;b #drinklocal last sesh before lockdown? Bloody beautiful beer - Drinking a Batsquatch by @rogueales at @NomadsBrewing  ‚Äî https://t.co/i3OoBvyHRK,backoftheferry
Central Coast,2020-03-21 23:47:04+00:00,1241511674789560321,@tvrumble___ @grhluna24 Oh ok well maybe try do something you love what are your special interests? I‚Äôm from Australia so we not in lockdown fully yet,AutisticUnicorn
Central Coast,2020-03-21 02:03:24+00:00,1241183597307891712,"Panic hoarding, packed beaches, over capacity nightclubs and people not listening to health advice. Guaranteed these people will be absolutely *shocked* when the Army is deployed to enforce lockdown orders. #stupidity #auspol #covid19australia",RGratton
Central Coast,2020-03-20 07:03:32+00:00,1240896741299240960,@adamrichard @Rove @SBCranford @bbcdoctorwho @TeganMH #WhoviansAU with self isolation I am well prepared I am rewatching season 23 up to MindWarp #TheroyPodCast so being in Lockdown isn‚Äôt all that bad when I have the Doctor https://t.co/NSAJ62Jj2q,stoatyhedgehog
Central Coast,2020-03-19 04:03:40+00:00,1240489088043503622,"@Lordsome @NakeeeZe Chris ring britt, everyone on lockdown means cg leagues are back.",Maljy
Central Coast,2020-03-19 00:00:14+00:00,1240427826332852224,This time in isolation has given me time to think about who REALLY benefits from a lockdown https://t.co/LqO2pAkPLT,abstalavista
Central Coast,2020-03-18 16:46:14+00:00,1240318608225402881,Everyone sending me soo much shit about a potential ‚ÄúLockdown‚Äù like get back ASAP... bruh I‚Äôm 20minutes from the beach why am I in a hurry to be stuck in my house in Slough üòÇ,JayYouDeeDee
Central Coast,2020-03-18 01:55:55+00:00,1240094552016343040,"My firm officially went into full COVID-19 lockdown today, so I‚Äôm self-isolating and working from home ufn. Good times ü§£ü§£ü§£",JPhoenix7
Central Coast,2020-03-16 21:08:56+00:00,1239659942123995136,"France suspending all costs for amenities. What is Australia planning to do to help the most vulnerable?  Live: 'We are at war,' says Macron announcing a 15-day lockdown on the French to fight coronavirus https://t.co/cjUQfN5pgj via @FRANCE24",CampbellSher
Central Coast,2020-03-16 04:49:00+00:00,1239413333519826944,Two Hunter Valley families have spent their South Pacific cruise holiday lapping the New South Wales coast. TONIGHT on @nbnnews how the coronavirus lockdown has thwarted local holiday plans. https://t.co/jkGS5P86J5,LydiaBilton
Central Coast,2020-03-16 01:57:27+00:00,1239370159455780864,"PSA..Heard a whisper from general practice land that ScMo may announce a total lockdown tomorrow am. I‚Äôm not sure of the veracity of this information, so treat accordingly. .
me? I‚Äôm off to Dan Murphy‚Äôs folks üëåü§£
#Lockdownaustralia #auspol #covid19australia",Lisabiartch
